                      :-) GROMACS - gmx mdrun, 2022.6 (-:

Copyright 1991-2022 The GROMACS Authors.
GROMACS is free software; you can redistribute it and/or modify it
under the terms of the GNU Lesser General Public License
as published by the Free Software Foundation; either version 2.1
of the License, or (at your option) any later version.

                         Current GROMACS contributors:
       Mark Abraham           Andrey Alekseenko           Cathrine Bergh      
      Christian Blau            Eliane Briand               Kevin Boyd        
     Oliver Fleetwood         Stefan Fleischmann           Vytas Gapsys       
       Gaurav Garg           Gilles Gouaillardet            Alan Gray         
      Victor Holanda           M. Eric Irrgang              Joe Jordan        
    Christoph Junghans        Prashanth Kanduri           Sebastian Kehl      
     Sebastian Keller          Carsten Kutzner           Magnus Lundborg      
       Pascal Merz              Dmitry Morozov             Szilard Pall       
      Roland Schulz             Michael Shirts         David van der Spoel    
     Alessandra Villa      Sebastian Wingbermuehle        Artem Zhmurov       

                         Previous GROMACS contributors:
        Emile Apol             Rossen Apostolov           James Barnett       
  Herman J.C. Berendsen          Par Bjelkmar           Viacheslav Bolnykh    
    Aldert van Buuren          Carlo Camilloni           Rudi van Drunen      
      Anton Feenstra           Gerrit Groenhof            Bert de Groot       
      Anca Hamuraru           Vincent Hindriksen         Aleksei Iupinov      
   Dimitrios Karkoulis           Peter Kasson               Jiri Kraus        
       Per Larsson             Justin A. Lemkul           Viveca Lindahl      
      Erik Marklund           Pieter Meulenhoff           Vedran Miletic      
      Teemu Murtola              Sander Pronk            Alexey Shvetsov      
      Alfons Sijbers            Peter Tieleman             Jon Vincent        
     Teemu Virolainen         Christian Wennberg           Maarten Wolf       

                  Coordinated by the GROMACS project leaders:
                    Paul Bauer, Berk Hess, and Erik Lindahl

GROMACS:      gmx mdrun, version 2022.6
Executable:   C:\GMX_WIN_GPU\bin\gmx.exe
Data prefix:  C:\GMX_WIN_GPU
Working dir:  C:\Users\203win02\Desktop\charmm-gui\charmm-gui-3650176126\gromacs
Process ID:   14248
Command line:
  gmx mdrun -v -deffnm eq6

GROMACS version:    2022.6
Precision:          mixed
Memory model:       64 bit
MPI library:        thread_mpi
OpenMP support:     enabled (GMX_OPENMP_MAX_THREADS = 128)
GPU support:        CUDA
SIMD instructions:  AVX2_256
CPU FFT library:    fftw3
GPU FFT library:    cuFFT
RDTSCP usage:       enabled
TNG support:        enabled
Hwloc support:      disabled
Tracing support:    disabled
C compiler:         C:/Program Files/Microsoft Visual Studio/2022/Community/VC/Tools/MSVC/14.35.32215/bin/Hostx64/x64/cl.exe MSVC 19.35.32215.0
C compiler flags:   /arch:AVX2 /wd4800 /wd4355 /wd4996 /wd4305 /wd4244 /wd4101 /wd4267 /wd4090 /wd4068 /O2 /Ob2 /DNDEBUG
C++ compiler:       C:/Program Files/Microsoft Visual Studio/2022/Community/VC/Tools/MSVC/14.35.32215/bin/Hostx64/x64/cl.exe MSVC 19.35.32215.0
C++ compiler flags: /arch:AVX2 /wd4800 /wd4355 /wd4996 /wd4305 /wd4244 /wd4267 /wd4068 /permissive- /analyze /analyze:stacksize 70000 /wd6001 /wd6011 /wd6053 /wd6054 /wd6385 /wd6386 /wd6387 /wd28199 /wd6239 /wd6240 /wd6294 /wd6326 /wd28020 /wd6330 /wd6993 /wd6031 /wd6244 /wd6246 -openmp /O2 /Ob2 /DNDEBUG
CUDA compiler:      C:/Program Files/NVIDIA GPU Computing Toolkit/CUDA/v11.6/bin/nvcc.exe nvcc: NVIDIA (R) Cuda compiler driver;Copyright (c) 2005-2022 NVIDIA Corporation;Built on Thu_Feb_10_19:03:51_Pacific_Standard_Time_2022;Cuda compilation tools, release 11.6, V11.6.112;Build cuda_11.6.r11.6/compiler.30978841_0
CUDA compiler flags:-std c++17;--generate-code=arch=compute_35,code=sm_35;--generate-code=arch=compute_37,code=sm_37;--generate-code=arch=compute_50,code=sm_50;--generate-code=arch=compute_52,code=sm_52;--generate-code=arch=compute_60,code=sm_60;--generate-code=arch=compute_61,code=sm_61;--generate-code=arch=compute_70,code=sm_70;--generate-code=arch=compute_75,code=sm_75;--generate-code=arch=compute_80,code=sm_80;--generate-code=arch=compute_86,code=sm_86;-Wno-deprecated-gpu-targets;--generate-code=arch=compute_53,code=sm_53;--generate-code=arch=compute_80,code=sm_80;-use_fast_math;;/arch:AVX2 /wd4800 /wd4355 /wd4996 /wd4305 /wd4244 /wd4267 /wd4068 /permissive- /analyze /analyze:stacksize 70000 /wd6001 /wd6011 /wd6053 /wd6054 /wd6385 /wd6386 /wd6387 /wd28199 /wd6239 /wd6240 /wd6294 /wd6326 /wd28020 /wd6330 /wd6993 /wd6031 /wd6244 /wd6246 -openmp /O2 /Ob2 /DNDEBUG
CUDA driver:        12.60
CUDA runtime:       11.60


Running on 1 node with total 32 cores, 64 processing units, 1 compatible GPU
Hardware detected:
  CPU info:
    Vendor: AMD
    Brand:  AMD Ryzen Threadripper PRO 5975WX 32-Cores     
    Family: 25   Model: 8   Stepping: 2
    Features: aes amd apic avx avx2 clfsh cmov cx8 cx16 f16c fma htt lahf misalignsse mmx msr nonstop_tsc pcid pclmuldq pdpe1gb popcnt pse rdrnd rdtscp sha sse2 sse3 sse4a sse4.1 sse4.2 ssse3 x2apic
  Hardware topology: Basic
    Packages, cores, and logical processors:
    [indices refer to OS logical processors]
      Package  0: [   0   1] [   2   3] [   4   5] [   6   7] [   8   9] [  10  11] [  12  13] [  14  15] [  16  17] [  18  19] [  20  21] [  22  23] [  24  25] [  26  27] [  28  29] [  30  31] [  32  33] [  34  35] [  36  37] [  38  39] [  40  41] [  42  43] [  44  45] [  46  47] [  48  49] [  50  51] [  52  53] [  54  55] [  56  57] [  58  59] [  60  61] [  62  63]
    CPU limit set by OS: -1   Recommended max number of threads: 64
  GPU info:
    Number of GPUs detected: 1
    #0: NVIDIA NVIDIA GeForce RTX 4090, compute cap.: 8.9, ECC: yes, stat: compatible


++++ PLEASE READ AND CITE THE FOLLOWING REFERENCE ++++
M. J. Abraham, T. Murtola, R. Schulz, S. Páll, J. C. Smith, B. Hess, E.
Lindahl
GROMACS: High performance molecular simulations through multi-level
parallelism from laptops to supercomputers
SoftwareX 1 (2015) pp. 19-25
-------- -------- --- Thank You --- -------- --------


++++ PLEASE READ AND CITE THE FOLLOWING REFERENCE ++++
S. Páll, M. J. Abraham, C. Kutzner, B. Hess, E. Lindahl
Tackling Exascale Software Challenges in Molecular Dynamics Simulations with
GROMACS
In S. Markidis & E. Laure (Eds.), Solving Software Challenges for Exascale 8759 (2015) pp. 3-27
-------- -------- --- Thank You --- -------- --------


++++ PLEASE READ AND CITE THE FOLLOWING REFERENCE ++++
S. Pronk, S. Páll, R. Schulz, P. Larsson, P. Bjelkmar, R. Apostolov, M. R.
Shirts, J. C. Smith, P. M. Kasson, D. van der Spoel, B. Hess, and E. Lindahl
GROMACS 4.5: a high-throughput and highly parallel open source molecular
simulation toolkit
Bioinformatics 29 (2013) pp. 845-54
-------- -------- --- Thank You --- -------- --------


++++ PLEASE READ AND CITE THE FOLLOWING REFERENCE ++++
B. Hess and C. Kutzner and D. van der Spoel and E. Lindahl
GROMACS 4: Algorithms for highly efficient, load-balanced, and scalable
molecular simulation
J. Chem. Theory Comput. 4 (2008) pp. 435-447
-------- -------- --- Thank You --- -------- --------


++++ PLEASE READ AND CITE THE FOLLOWING REFERENCE ++++
D. van der Spoel, E. Lindahl, B. Hess, G. Groenhof, A. E. Mark and H. J. C.
Berendsen
GROMACS: Fast, Flexible and Free
J. Comp. Chem. 26 (2005) pp. 1701-1719
-------- -------- --- Thank You --- -------- --------


++++ PLEASE READ AND CITE THE FOLLOWING REFERENCE ++++
E. Lindahl and B. Hess and D. van der Spoel
GROMACS 3.0: A package for molecular simulation and trajectory analysis
J. Mol. Mod. 7 (2001) pp. 306-317
-------- -------- --- Thank You --- -------- --------


++++ PLEASE READ AND CITE THE FOLLOWING REFERENCE ++++
H. J. C. Berendsen, D. van der Spoel and R. van Drunen
GROMACS: A message-passing parallel molecular dynamics implementation
Comp. Phys. Comm. 91 (1995) pp. 43-56
-------- -------- --- Thank You --- -------- --------


++++ PLEASE CITE THE DOI FOR THIS VERSION OF GROMACS ++++
https://doi.org/10.5281/zenodo.8134375
-------- -------- --- Thank You --- -------- --------

Input Parameters:
   integrator                     = md
   tinit                          = 0
   dt                             = 0.002
   nsteps                         = 250000
   init-step                      = 0
   simulation-part                = 1
   mts                            = false
   comm-mode                      = Linear
   nstcomm                        = 100
   bd-fric                        = 0
   ld-seed                        = -16826465
   emtol                          = 10
   emstep                         = 0.01
   niter                          = 20
   fcstep                         = 0
   nstcgsteep                     = 1000
   nbfgscorr                      = 10
   rtpi                           = 0.05
   nstxout                        = 0
   nstvout                        = 0
   nstfout                        = 0
   nstlog                         = 1000
   nstcalcenergy                  = 100
   nstenergy                      = 1000
   nstxout-compressed             = 5000
   compressed-x-precision         = 1000
   cutoff-scheme                  = Verlet
   nstlist                        = 20
   pbc                            = xyz
   periodic-molecules             = false
   verlet-buffer-tolerance        = 0.005
   rlist                          = 1.2
   coulombtype                    = PME
   coulomb-modifier               = Potential-shift
   rcoulomb-switch                = 0
   rcoulomb                       = 1.2
   epsilon-r                      = 1
   epsilon-rf                     = inf
   vdw-type                       = Cut-off
   vdw-modifier                   = None
   rvdw-switch                    = 0
   rvdw                           = 1.2
   DispCorr                       = EnerPres
   table-extension                = 1
   fourierspacing                 = 0.12
   fourier-nx                     = 48
   fourier-ny                     = 48
   fourier-nz                     = 96
   pme-order                      = 4
   ewald-rtol                     = 1e-05
   ewald-rtol-lj                  = 0.001
   lj-pme-comb-rule               = Geometric
   ewald-geometry                 = 3d
   epsilon-surface                = 0
   tcoupl                         = V-rescale
   nsttcouple                     = 10
   nh-chain-length                = 0
   print-nose-hoover-chain-variables = false
   pcoupl                         = C-rescale
   pcoupltype                     = Semiisotropic
   nstpcouple                     = 10
   tau-p                          = 5
   compressibility (3x3):
      compressibility[    0]={ 4.50000e-05,  0.00000e+00,  0.00000e+00}
      compressibility[    1]={ 0.00000e+00,  4.50000e-05,  0.00000e+00}
      compressibility[    2]={ 0.00000e+00,  0.00000e+00,  4.50000e-05}
   ref-p (3x3):
      ref-p[    0]={ 1.00000e+00,  0.00000e+00,  0.00000e+00}
      ref-p[    1]={ 0.00000e+00,  1.00000e+00,  0.00000e+00}
      ref-p[    2]={ 0.00000e+00,  0.00000e+00,  1.00000e+00}
   refcoord-scaling               = COM
   posres-com (3):
      posres-com[0]= 4.93573e-01
      posres-com[1]= 4.98928e-01
      posres-com[2]= 2.58934e-01
   posres-comB (3):
      posres-comB[0]= 4.93573e-01
      posres-comB[1]= 4.98928e-01
      posres-comB[2]= 2.58934e-01
   QMMM                           = false
qm-opts:
   ngQM                           = 0
   constraint-algorithm           = Lincs
   continuation                   = true
   Shake-SOR                      = false
   shake-tol                      = 0.0001
   lincs-order                    = 4
   lincs-iter                     = 1
   lincs-warnangle                = 30
   nwall                          = 0
   wall-type                      = 9-3
   wall-r-linpot                  = -1
   wall-atomtype[0]               = -1
   wall-atomtype[1]               = -1
   wall-density[0]                = 0
   wall-density[1]                = 0
   wall-ewald-zfac                = 3
   pull                           = false
   awh                            = false
   rotation                       = false
   interactiveMD                  = false
   disre                          = No
   disre-weighting                = Conservative
   disre-mixed                    = false
   dr-fc                          = 1000
   dr-tau                         = 0
   nstdisreout                    = 100
   orire-fc                       = 0
   orire-tau                      = 0
   nstorireout                    = 100
   free-energy                    = no
   cos-acceleration               = 0
   deform (3x3):
      deform[    0]={ 0.00000e+00,  0.00000e+00,  0.00000e+00}
      deform[    1]={ 0.00000e+00,  0.00000e+00,  0.00000e+00}
      deform[    2]={ 0.00000e+00,  0.00000e+00,  0.00000e+00}
   simulated-tempering            = false
   swapcoords                     = no
   userint1                       = 0
   userint2                       = 0
   userint3                       = 0
   userint4                       = 0
   userreal1                      = 0
   userreal2                      = 0
   userreal3                      = 0
   userreal4                      = 0
   applied-forces:
     electric-field:
       x:
         E0                       = 0
         omega                    = 0
         t0                       = 0
         sigma                    = 0
       y:
         E0                       = 0
         omega                    = 0
         t0                       = 0
         sigma                    = 0
       z:
         E0                       = 0
         omega                    = 0
         t0                       = 0
         sigma                    = 0
     density-guided-simulation:
       active                     = false
       group                      = protein
       similarity-measure         = inner-product
       atom-spreading-weight      = unity
       force-constant             = 1e+09
       gaussian-transform-spreading-width = 0.2
       gaussian-transform-spreading-range-in-multiples-of-width = 4
       reference-density-filename = reference.mrc
       nst                        = 1
       normalize-densities        = true
       adaptive-force-scaling     = false
       adaptive-force-scaling-time-constant = 4
       shift-vector               = 
       transformation-matrix      = 
     qmmm-cp2k:
       active                     = false
       qmgroup                    = System
       qmmethod                   = PBE
       qmfilenames                = 
       qmcharge                   = 0
       qmmultiplicity             = 1
grpopts:
   nrdf:     265.972       28157       35166
   ref-t:      303.15      303.15      303.15
   tau-t:           1           1           1
annealing:          No          No          No
annealing-npoints:           0           0           0
   acc:	           0           0           0
   nfreeze:           N           N           N
   energygrp-flags[  0]: 0

Changing nstlist from 20 to 100, rlist from 1.2 to 1.299

When checking whether update groups are usable:
  Domain decomposition is not active, so there is no need for update groups
1 GPU selected for this run.
Mapping of GPU IDs to the 2 GPU tasks in the 1 rank on this node:
  PP:0,PME:0
PP tasks will do (non-perturbed) short-ranged interactions on the GPU
PP task will update and constrain coordinates on the CPU
PME tasks will do all aspects on the GPU
Using 1 MPI thread
Using 32 OpenMP threads 

Pinning threads with an auto-selected logical cpu stride of 2
System total charge: 0.000
Will do PME sum in reciprocal space for electrostatic interactions.

++++ PLEASE READ AND CITE THE FOLLOWING REFERENCE ++++
U. Essmann, L. Perera, M. L. Berkowitz, T. Darden, H. Lee and L. G. Pedersen 
A smooth particle mesh Ewald method
J. Chem. Phys. 103 (1995) pp. 8577-8592
-------- -------- --- Thank You --- -------- --------

Using a Gaussian width (1/beta) of 0.384195 nm for Ewald
Potential shift: LJ r^-12: 0.000e+00 r^-6: 0.000e+00, Ewald -8.333e-06
Initialized non-bonded Coulomb Ewald tables, spacing: 1.02e-03 size: 1176

Generated table with 1149 data points for 1-4 COUL.
Tabscale = 500 points/nm
Generated table with 1149 data points for 1-4 LJ6.
Tabscale = 500 points/nm
Generated table with 1149 data points for 1-4 LJ12.
Tabscale = 500 points/nm
Long Range LJ corr.: <C6> 3.9927e-04


Using GPU 8x8 nonbonded short-range kernels

Using a dual 8x8 pair-list setup updated with dynamic, rolling pruning:
  outer list: updated every 100 steps, buffer 0.099 nm, rlist 1.299 nm
  inner list: updated every  20 steps, buffer 0.004 nm, rlist 1.204 nm
At tolerance 0.005 kJ/mol/ps per atom, equivalent classical 1x1 list would be:
  outer list: updated every 100 steps, buffer 0.261 nm, rlist 1.461 nm
  inner list: updated every  20 steps, buffer 0.083 nm, rlist 1.283 nm

Using Lorentz-Berthelot Lennard-Jones combination rule

Initializing LINear Constraint Solver

++++ PLEASE READ AND CITE THE FOLLOWING REFERENCE ++++
B. Hess and H. Bekker and H. J. C. Berendsen and J. G. E. M. Fraaije
LINCS: A Linear Constraint Solver for molecular simulations
J. Comp. Chem. 18 (1997) pp. 1463-1472
-------- -------- --- Thank You --- -------- --------

The number of constraints is 7274

++++ PLEASE READ AND CITE THE FOLLOWING REFERENCE ++++
S. Miyamoto and P. A. Kollman
SETTLE: An Analytical Version of the SHAKE and RATTLE Algorithms for Rigid
Water Models
J. Comp. Chem. 13 (1992) pp. 952-962
-------- -------- --- Thank You --- -------- --------


++++ PLEASE READ AND CITE THE FOLLOWING REFERENCE ++++
G. Bussi, D. Donadio and M. Parrinello
Canonical sampling through velocity rescaling
J. Chem. Phys. 126 (2007) pp. 014101
-------- -------- --- Thank You --- -------- --------


++++ PLEASE READ AND CITE THE FOLLOWING REFERENCE ++++
M. Bernetti, G. Bussi
Pressure control using stochastic cell rescaling
J. Chem. Phys. 153 (2020) pp. 114107
-------- -------- --- Thank You --- -------- --------

There are: 29469 Atoms
Center of mass motion removal mode is Linear
We have the following groups for center of mass motion removal:
  0:  SOLU_MEMB
  1:  SOLV

Started mdrun on rank 0 Fri Jan 10 18:51:07 2025

           Step           Time
              0        0.00000

   Energies (kJ/mol)
           Bond            U-B    Proper Dih. Per. Imp. Dih.      CMAP Dih.
    6.37314e+03    2.47289e+04    1.49979e+04    2.73854e+02    7.22301e+00
          LJ-14     Coulomb-14        LJ (SR)  Disper. corr.   Coulomb (SR)
    5.50605e+03   -5.16708e+04    1.59460e+04   -1.48444e+03   -3.37708e+05
   Coul. recip. Position Rest.     Dih. Rest.      Potential    Kinetic En.
    1.57330e+03    6.82121e-11    0.00000e+00   -3.21457e+05    7.99137e+04
   Total Energy  Conserved En.    Temperature Pres. DC (bar) Pressure (bar)
   -2.41543e+05   -2.41565e+05    3.02298e+02   -1.74137e+02    1.55745e+02
   Constr. rmsd
    3.31507e-06

           Step           Time
           1000        2.00000

   Energies (kJ/mol)
           Bond            U-B    Proper Dih. Per. Imp. Dih.      CMAP Dih.
    6.00905e+03    2.44603e+04    1.47181e+04    2.39515e+02    7.40097e+00
          LJ-14     Coulomb-14        LJ (SR)  Disper. corr.   Coulomb (SR)
    5.51476e+03   -5.15993e+04    1.46515e+04   -1.48193e+03   -3.36741e+05
   Coul. recip. Position Rest.     Dih. Rest.      Potential    Kinetic En.
    1.55750e+03    3.02230e+00    0.00000e+00   -3.22661e+05    8.00449e+04
   Total Energy  Conserved En.    Temperature Pres. DC (bar) Pressure (bar)
   -2.42616e+05   -2.41904e+05    3.02794e+02   -1.73548e+02    3.71626e+02
   Constr. rmsd
    3.37098e-06

           Step           Time
           2000        4.00000

   Energies (kJ/mol)
           Bond            U-B    Proper Dih. Per. Imp. Dih.      CMAP Dih.
    6.01597e+03    2.42004e+04    1.49830e+04    3.09477e+02    1.02247e+01
          LJ-14     Coulomb-14        LJ (SR)  Disper. corr.   Coulomb (SR)
    5.32423e+03   -5.16562e+04    1.47837e+04   -1.47364e+03   -3.36272e+05
   Coul. recip. Position Rest.     Dih. Rest.      Potential    Kinetic En.
    1.62855e+03    1.47172e+00    0.00000e+00   -3.22145e+05    7.93930e+04
   Total Energy  Conserved En.    Temperature Pres. DC (bar) Pressure (bar)
   -2.42752e+05   -2.42214e+05    3.00328e+02   -1.71610e+02   -2.64713e+02
   Constr. rmsd
    3.30284e-06

           Step           Time
           3000        6.00000

   Energies (kJ/mol)
           Bond            U-B    Proper Dih. Per. Imp. Dih.      CMAP Dih.
    6.07515e+03    2.48364e+04    1.50365e+04    2.57815e+02    1.10099e+01
          LJ-14     Coulomb-14        LJ (SR)  Disper. corr.   Coulomb (SR)
    5.47660e+03   -5.14610e+04    1.51106e+04   -1.47742e+03   -3.36968e+05
   Coul. recip. Position Rest.     Dih. Rest.      Potential    Kinetic En.
    1.50242e+03    3.21555e+00    0.00000e+00   -3.21597e+05    7.95367e+04
   Total Energy  Conserved En.    Temperature Pres. DC (bar) Pressure (bar)
   -2.42060e+05   -2.42009e+05    3.00872e+02   -1.72493e+02   -7.20926e+01
   Constr. rmsd
    3.28490e-06

           Step           Time
           4000        8.00000

   Energies (kJ/mol)
           Bond            U-B    Proper Dih. Per. Imp. Dih.      CMAP Dih.
    6.27226e+03    2.43886e+04    1.49856e+04    2.32042e+02    4.59811e+00
          LJ-14     Coulomb-14        LJ (SR)  Disper. corr.   Coulomb (SR)
    5.41266e+03   -5.14736e+04    1.46251e+04   -1.47999e+03   -3.37000e+05
   Coul. recip. Position Rest.     Dih. Rest.      Potential    Kinetic En.
    1.56371e+03    2.13166e+00    0.00000e+00   -3.22467e+05    8.05518e+04
   Total Energy  Conserved En.    Temperature Pres. DC (bar) Pressure (bar)
   -2.41915e+05   -2.41910e+05    3.04712e+02   -1.73094e+02   -6.08738e+01
   Constr. rmsd
    3.31535e-06

           Step           Time
           5000       10.00000

   Energies (kJ/mol)
           Bond            U-B    Proper Dih. Per. Imp. Dih.      CMAP Dih.
    5.97684e+03    2.45917e+04    1.50186e+04    2.63809e+02    5.69562e+00
          LJ-14     Coulomb-14        LJ (SR)  Disper. corr.   Coulomb (SR)
    5.48964e+03   -5.16643e+04    1.40194e+04   -1.48441e+03   -3.36291e+05
   Coul. recip. Position Rest.     Dih. Rest.      Potential    Kinetic En.
    1.57517e+03    4.85644e+00    0.00000e+00   -3.22494e+05    8.00382e+04
   Total Energy  Conserved En.    Temperature Pres. DC (bar) Pressure (bar)
   -2.42456e+05   -2.41738e+05    3.02769e+02   -1.74129e+02   -1.28275e+02
   Constr. rmsd
    3.32333e-06

           Step           Time
           6000       12.00000

   Energies (kJ/mol)
           Bond            U-B    Proper Dih. Per. Imp. Dih.      CMAP Dih.
    6.02949e+03    2.50828e+04    1.50462e+04    2.74883e+02    9.77316e+00
          LJ-14     Coulomb-14        LJ (SR)  Disper. corr.   Coulomb (SR)
    5.46851e+03   -5.16865e+04    1.43541e+04   -1.48009e+03   -3.36090e+05
   Coul. recip. Position Rest.     Dih. Rest.      Potential    Kinetic En.
    1.58764e+03    9.31129e+00    0.00000e+00   -3.21394e+05    8.06364e+04
   Total Energy  Conserved En.    Temperature Pres. DC (bar) Pressure (bar)
   -2.40757e+05   -2.41907e+05    3.05032e+02   -1.73117e+02    3.68238e+02
   Constr. rmsd
    3.39850e-06

step 6200: timed with pme grid 48 48 96, coulomb cutoff 1.200: 264.2 M-cycles
step 6400: timed with pme grid 42 42 80, coulomb cutoff 1.264: 273.0 M-cycles
step 6600: timed with pme grid 36 36 72, coulomb cutoff 1.470: 265.5 M-cycles
step 6800: timed with pme grid 32 32 64, coulomb cutoff 1.654: 265.4 M-cycles
step 6800: the maximum allowed grid scaling limits the PME load balancing to a coulomb cut-off of 1.805
step 7000: timed with pme grid 32 32 56, coulomb cutoff 1.805: 313.9 M-cycles
           Step           Time
           7000       14.00000

   Energies (kJ/mol)
           Bond            U-B    Proper Dih. Per. Imp. Dih.      CMAP Dih.
    6.01260e+03    2.47144e+04    1.48675e+04    2.90782e+02    1.29502e+01
          LJ-14     Coulomb-14        LJ (SR)  Disper. corr.   Coulomb (SR)
    5.32168e+03   -5.17532e+04    1.51489e+04   -1.48500e+03   -3.35328e+05
   Coul. recip. Position Rest.     Dih. Rest.      Potential    Kinetic En.
    5.99089e+02    1.85573e+01    0.00000e+00   -3.21580e+05    8.05924e+04
   Total Energy  Conserved En.    Temperature Pres. DC (bar) Pressure (bar)
   -2.40988e+05   -2.41709e+05    3.04865e+02   -1.74267e+02   -2.27404e+02
   Constr. rmsd
    3.40145e-06

step 7200: timed with pme grid 32 32 60, coulomb cutoff 1.685: 312.4 M-cycles
step 7400: timed with pme grid 32 32 64, coulomb cutoff 1.654: 248.5 M-cycles
step 7600: timed with pme grid 36 36 64, coulomb cutoff 1.580: 284.8 M-cycles
step 7800: timed with pme grid 36 36 72, coulomb cutoff 1.470: 266.9 M-cycles
step 8000: timed with pme grid 40 40 72, coulomb cutoff 1.404: 265.3 M-cycles
           Step           Time
           8000       16.00000

   Energies (kJ/mol)
           Bond            U-B    Proper Dih. Per. Imp. Dih.      CMAP Dih.
    6.21594e+03    2.46636e+04    1.48859e+04    2.70994e+02    8.65835e+00
          LJ-14     Coulomb-14        LJ (SR)  Disper. corr.   Coulomb (SR)
    5.51776e+03   -5.15164e+04    1.42802e+04   -1.48315e+03   -3.35224e+05
   Coul. recip. Position Rest.     Dih. Rest.      Potential    Kinetic En.
    1.19780e+03    1.53879e+01    0.00000e+00   -3.21168e+05    8.15199e+04
   Total Energy  Conserved En.    Temperature Pres. DC (bar) Pressure (bar)
   -2.39648e+05   -2.41783e+05    3.08374e+02   -1.73834e+02    2.73716e+02
   Constr. rmsd
    3.54257e-06

step 8200: timed with pme grid 40 40 80, coulomb cutoff 1.323: 256.0 M-cycles
step 8400: timed with pme grid 42 42 80, coulomb cutoff 1.264: 259.3 M-cycles
step 8600: timed with pme grid 44 44 84, coulomb cutoff 1.204: 269.4 M-cycles
step 8800: timed with pme grid 48 48 96, coulomb cutoff 1.200: 262.5 M-cycles
step 9000: timed with pme grid 32 32 64, coulomb cutoff 1.654: 298.4 M-cycles
           Step           Time
           9000       18.00000

   Energies (kJ/mol)
           Bond            U-B    Proper Dih. Per. Imp. Dih.      CMAP Dih.
    6.01769e+03    2.47031e+04    1.47028e+04    3.10209e+02    9.69449e+00
          LJ-14     Coulomb-14        LJ (SR)  Disper. corr.   Coulomb (SR)
    5.44264e+03   -5.15870e+04    1.38942e+04   -1.48614e+03   -3.34493e+05
   Coul. recip. Position Rest.     Dih. Rest.      Potential    Kinetic En.
    8.33508e+02    7.85246e+00    0.00000e+00   -3.21644e+05    8.04881e+04
   Total Energy  Conserved En.    Temperature Pres. DC (bar) Pressure (bar)
   -2.41156e+05   -2.41664e+05    3.04471e+02   -1.74535e+02    1.37243e+01
   Constr. rmsd
    3.43170e-06

step 9200: timed with pme grid 36 36 72, coulomb cutoff 1.470: 282.3 M-cycles
step 9400: timed with pme grid 40 40 72, coulomb cutoff 1.404: 265.0 M-cycles
step 9600: timed with pme grid 40 40 80, coulomb cutoff 1.323: 271.1 M-cycles
step 9800: timed with pme grid 42 42 80, coulomb cutoff 1.264: 270.3 M-cycles
step 10000: timed with pme grid 44 44 84, coulomb cutoff 1.204: 267.4 M-cycles
           Step           Time
          10000       20.00000

   Energies (kJ/mol)
           Bond            U-B    Proper Dih. Per. Imp. Dih.      CMAP Dih.
    6.00328e+03    2.48215e+04    1.49281e+04    2.36504e+02    5.01308e+00
          LJ-14     Coulomb-14        LJ (SR)  Disper. corr.   Coulomb (SR)
    5.42171e+03   -5.14934e+04    1.45976e+04   -1.48747e+03   -3.37180e+05
   Coul. recip. Position Rest.     Dih. Rest.      Potential    Kinetic En.
    1.53356e+03    9.26498e+00    0.00000e+00   -3.22604e+05    8.03010e+04
   Total Energy  Conserved En.    Temperature Pres. DC (bar) Pressure (bar)
   -2.42303e+05   -2.41551e+05    3.03763e+02   -1.74848e+02    2.15727e+02
   Constr. rmsd
    3.31980e-06

step 10200: timed with pme grid 48 48 96, coulomb cutoff 1.200: 272.7 M-cycles
              optimal pme grid 32 32 64, coulomb cutoff 1.654
           Step           Time
          11000       22.00000

   Energies (kJ/mol)
           Bond            U-B    Proper Dih. Per. Imp. Dih.      CMAP Dih.
    5.88655e+03    2.44115e+04    1.48732e+04    2.84670e+02    1.18351e+01
          LJ-14     Coulomb-14        LJ (SR)  Disper. corr.   Coulomb (SR)
    5.38846e+03   -5.15161e+04    1.49591e+04   -1.48766e+03   -3.36441e+05
   Coul. recip. Position Rest.     Dih. Rest.      Potential    Kinetic En.
    5.54898e+02    6.27227e+00    0.00000e+00   -3.23069e+05    7.97838e+04
   Total Energy  Conserved En.    Temperature Pres. DC (bar) Pressure (bar)
   -2.43285e+05   -2.41585e+05    3.01806e+02   -1.74891e+02    1.75284e+01
   Constr. rmsd
    3.37818e-06

           Step           Time
          12000       24.00000

   Energies (kJ/mol)
           Bond            U-B    Proper Dih. Per. Imp. Dih.      CMAP Dih.
    6.35817e+03    2.45188e+04    1.49608e+04    2.97819e+02    1.20294e+01
          LJ-14     Coulomb-14        LJ (SR)  Disper. corr.   Coulomb (SR)
    5.39564e+03   -5.15605e+04    1.53035e+04   -1.48768e+03   -3.36307e+05
   Coul. recip. Position Rest.     Dih. Rest.      Potential    Kinetic En.
    5.73708e+02    5.35918e+00    0.00000e+00   -3.21930e+05    8.00151e+04
   Total Energy  Conserved En.    Temperature Pres. DC (bar) Pressure (bar)
   -2.41915e+05   -2.41501e+05    3.02682e+02   -1.74896e+02    4.85654e+01
   Constr. rmsd
    3.33492e-06

           Step           Time
          13000       26.00000

   Energies (kJ/mol)
           Bond            U-B    Proper Dih. Per. Imp. Dih.      CMAP Dih.
    5.94144e+03    2.48257e+04    1.48885e+04    2.72732e+02    1.15187e+01
          LJ-14     Coulomb-14        LJ (SR)  Disper. corr.   Coulomb (SR)
    5.39380e+03   -5.17453e+04    1.46225e+04   -1.49284e+03   -3.34585e+05
   Coul. recip. Position Rest.     Dih. Rest.      Potential    Kinetic En.
    5.88646e+02    4.04140e+00    0.00000e+00   -3.21275e+05    8.06533e+04
   Total Energy  Conserved En.    Temperature Pres. DC (bar) Pressure (bar)
   -2.40621e+05   -2.41319e+05    3.05096e+02   -1.76113e+02    1.58889e+02
   Constr. rmsd
    3.46261e-06

           Step           Time
          14000       28.00000

   Energies (kJ/mol)
           Bond            U-B    Proper Dih. Per. Imp. Dih.      CMAP Dih.
    5.92197e+03    2.44579e+04    1.47827e+04    2.42871e+02    7.05185e+00
          LJ-14     Coulomb-14        LJ (SR)  Disper. corr.   Coulomb (SR)
    5.47194e+03   -5.14861e+04    1.48911e+04   -1.48498e+03   -3.35375e+05
   Coul. recip. Position Rest.     Dih. Rest.      Potential    Kinetic En.
    5.33869e+02    6.02690e+00    0.00000e+00   -3.22031e+05    8.05456e+04
   Total Energy  Conserved En.    Temperature Pres. DC (bar) Pressure (bar)
   -2.41485e+05   -2.41651e+05    3.04688e+02   -1.74262e+02    3.26636e+02
   Constr. rmsd
    3.37811e-06

           Step           Time
          15000       30.00000

   Energies (kJ/mol)
           Bond            U-B    Proper Dih. Per. Imp. Dih.      CMAP Dih.
    6.18208e+03    2.40303e+04    1.49429e+04    2.11232e+02    1.11348e+01
          LJ-14     Coulomb-14        LJ (SR)  Disper. corr.   Coulomb (SR)
    5.35606e+03   -5.13594e+04    1.56460e+04   -1.47999e+03   -3.37121e+05
   Coul. recip. Position Rest.     Dih. Rest.      Potential    Kinetic En.
    6.34383e+02    8.37828e+00    0.00000e+00   -3.22938e+05    7.90470e+04
   Total Energy  Conserved En.    Temperature Pres. DC (bar) Pressure (bar)
   -2.43891e+05   -2.41765e+05    2.99019e+02   -1.73094e+02    2.71478e+01
   Constr. rmsd
    3.37894e-06

           Step           Time
          16000       32.00000

   Energies (kJ/mol)
           Bond            U-B    Proper Dih. Per. Imp. Dih.      CMAP Dih.
    5.91626e+03    2.44396e+04    1.48316e+04    2.59788e+02    9.59656e+00
          LJ-14     Coulomb-14        LJ (SR)  Disper. corr.   Coulomb (SR)
    5.25157e+03   -5.15060e+04    1.43409e+04   -1.47541e+03   -3.35215e+05
   Coul. recip. Position Rest.     Dih. Rest.      Potential    Kinetic En.
    5.99660e+02    5.88405e+00    0.00000e+00   -3.22542e+05    7.98135e+04
   Total Energy  Conserved En.    Temperature Pres. DC (bar) Pressure (bar)
   -2.42728e+05   -2.41918e+05    3.01919e+02   -1.72024e+02   -3.81333e+02
   Constr. rmsd
    3.41833e-06

           Step           Time
          17000       34.00000

   Energies (kJ/mol)
           Bond            U-B    Proper Dih. Per. Imp. Dih.      CMAP Dih.
    6.15455e+03    2.42033e+04    1.48565e+04    2.89897e+02    7.24206e+00
          LJ-14     Coulomb-14        LJ (SR)  Disper. corr.   Coulomb (SR)
    5.36650e+03   -5.12230e+04    1.43097e+04   -1.47548e+03   -3.35865e+05
   Coul. recip. Position Rest.     Dih. Rest.      Potential    Kinetic En.
    5.58586e+02    4.25654e+00    0.00000e+00   -3.22813e+05    7.93841e+04
   Total Energy  Conserved En.    Temperature Pres. DC (bar) Pressure (bar)
   -2.43429e+05   -2.41905e+05    3.00294e+02   -1.72040e+02   -2.15039e+02
   Constr. rmsd
    3.40780e-06

           Step           Time
          18000       36.00000

   Energies (kJ/mol)
           Bond            U-B    Proper Dih. Per. Imp. Dih.      CMAP Dih.
    5.99683e+03    2.43998e+04    1.47603e+04    2.50591e+02    2.09468e+01
          LJ-14     Coulomb-14        LJ (SR)  Disper. corr.   Coulomb (SR)
    5.39996e+03   -5.16710e+04    1.43753e+04   -1.47876e+03   -3.35123e+05
   Coul. recip. Position Rest.     Dih. Rest.      Potential    Kinetic En.
    6.14060e+02    2.63740e+00    0.00000e+00   -3.22452e+05    7.97928e+04
   Total Energy  Conserved En.    Temperature Pres. DC (bar) Pressure (bar)
   -2.42660e+05   -2.41781e+05    3.01840e+02   -1.72806e+02    3.53706e+01
   Constr. rmsd
    3.34173e-06

           Step           Time
          19000       38.00000

   Energies (kJ/mol)
           Bond            U-B    Proper Dih. Per. Imp. Dih.      CMAP Dih.
    5.91748e+03    2.45626e+04    1.46170e+04    3.29415e+02    1.01555e+01
          LJ-14     Coulomb-14        LJ (SR)  Disper. corr.   Coulomb (SR)
    5.30397e+03   -5.14390e+04    1.47450e+04   -1.48396e+03   -3.35343e+05
   Coul. recip. Position Rest.     Dih. Rest.      Potential    Kinetic En.
    5.78132e+02    1.18954e+01    0.00000e+00   -3.22190e+05    8.02531e+04
   Total Energy  Conserved En.    Temperature Pres. DC (bar) Pressure (bar)
   -2.41937e+05   -2.41543e+05    3.03582e+02   -1.74022e+02   -2.01195e+02
   Constr. rmsd
    3.42996e-06

           Step           Time
          20000       40.00000

   Energies (kJ/mol)
           Bond            U-B    Proper Dih. Per. Imp. Dih.      CMAP Dih.
    6.14417e+03    2.48216e+04    1.47624e+04    2.74964e+02    9.36861e+00
          LJ-14     Coulomb-14        LJ (SR)  Disper. corr.   Coulomb (SR)
    5.36288e+03   -5.13745e+04    1.44412e+04   -1.48940e+03   -3.35164e+05
   Coul. recip. Position Rest.     Dih. Rest.      Potential    Kinetic En.
    5.70248e+02    7.68513e+00    0.00000e+00   -3.21633e+05    8.01436e+04
   Total Energy  Conserved En.    Temperature Pres. DC (bar) Pressure (bar)
   -2.41489e+05   -2.41367e+05    3.03168e+02   -1.75302e+02   -6.20087e+01
   Constr. rmsd
    3.43384e-06

           Step           Time
          21000       42.00000

   Energies (kJ/mol)
           Bond            U-B    Proper Dih. Per. Imp. Dih.      CMAP Dih.
    6.11538e+03    2.48070e+04    1.46211e+04    2.21516e+02    4.90001e+00
          LJ-14     Coulomb-14        LJ (SR)  Disper. corr.   Coulomb (SR)
    5.28205e+03   -5.16894e+04    1.46492e+04   -1.48356e+03   -3.35432e+05
   Coul. recip. Position Rest.     Dih. Rest.      Potential    Kinetic En.
    5.60467e+02    9.99734e+00    0.00000e+00   -3.22334e+05    7.98463e+04
   Total Energy  Conserved En.    Temperature Pres. DC (bar) Pressure (bar)
   -2.42487e+05   -2.41570e+05    3.02043e+02   -1.73929e+02   -8.63650e+01
   Constr. rmsd
    3.31391e-06

           Step           Time
          22000       44.00000

   Energies (kJ/mol)
           Bond            U-B    Proper Dih. Per. Imp. Dih.      CMAP Dih.
    6.00140e+03    2.44294e+04    1.48487e+04    2.50943e+02    1.11190e+01
          LJ-14     Coulomb-14        LJ (SR)  Disper. corr.   Coulomb (SR)
    5.39706e+03   -5.15672e+04    1.42930e+04   -1.48542e+03   -3.35136e+05
   Coul. recip. Position Rest.     Dih. Rest.      Potential    Kinetic En.
    5.29979e+02    1.21022e+01    0.00000e+00   -3.22415e+05    8.09733e+04
   Total Energy  Conserved En.    Temperature Pres. DC (bar) Pressure (bar)
   -2.41442e+05   -2.41521e+05    3.06306e+02   -1.74366e+02    7.39274e+01
   Constr. rmsd
    3.46927e-06

           Step           Time
          23000       46.00000

   Energies (kJ/mol)
           Bond            U-B    Proper Dih. Per. Imp. Dih.      CMAP Dih.
    6.34617e+03    2.48156e+04    1.47629e+04    2.90186e+02    8.96773e+00
          LJ-14     Coulomb-14        LJ (SR)  Disper. corr.   Coulomb (SR)
    5.46440e+03   -5.17448e+04    1.46884e+04   -1.48457e+03   -3.35015e+05
   Coul. recip. Position Rest.     Dih. Rest.      Potential    Kinetic En.
    5.58308e+02    1.21438e+01    0.00000e+00   -3.21297e+05    8.03450e+04
   Total Energy  Conserved En.    Temperature Pres. DC (bar) Pressure (bar)
   -2.40952e+05   -2.41517e+05    3.03930e+02   -1.74166e+02   -3.32253e+01
   Constr. rmsd
    3.46073e-06

           Step           Time
          24000       48.00000

   Energies (kJ/mol)
           Bond            U-B    Proper Dih. Per. Imp. Dih.      CMAP Dih.
    5.97027e+03    2.46509e+04    1.45914e+04    2.59959e+02    1.18367e+01
          LJ-14     Coulomb-14        LJ (SR)  Disper. corr.   Coulomb (SR)
    5.43375e+03   -5.15848e+04    1.49820e+04   -1.47998e+03   -3.35325e+05
   Coul. recip. Position Rest.     Dih. Rest.      Potential    Kinetic En.
    5.51329e+02    4.97958e+00    0.00000e+00   -3.21933e+05    8.07619e+04
   Total Energy  Conserved En.    Temperature Pres. DC (bar) Pressure (bar)
   -2.41171e+05   -2.41693e+05    3.05506e+02   -1.73091e+02    7.21012e+01
   Constr. rmsd
    3.38848e-06

           Step           Time
          25000       50.00000

   Energies (kJ/mol)
           Bond            U-B    Proper Dih. Per. Imp. Dih.      CMAP Dih.
    6.15394e+03    2.42509e+04    1.47123e+04    2.88197e+02    5.50414e+00
          LJ-14     Coulomb-14        LJ (SR)  Disper. corr.   Coulomb (SR)
    5.34614e+03   -5.16190e+04    1.32344e+04   -1.47873e+03   -3.33930e+05
   Coul. recip. Position Rest.     Dih. Rest.      Potential    Kinetic En.
    5.63065e+02    8.38298e+00    0.00000e+00   -3.22464e+05    8.02165e+04
   Total Energy  Conserved En.    Temperature Pres. DC (bar) Pressure (bar)
   -2.42248e+05   -2.41730e+05    3.03443e+02   -1.72799e+02   -2.77279e+02
   Constr. rmsd
    3.33330e-06

           Step           Time
          26000       52.00000

   Energies (kJ/mol)
           Bond            U-B    Proper Dih. Per. Imp. Dih.      CMAP Dih.
    6.06479e+03    2.40457e+04    1.44949e+04    2.63779e+02    1.39212e+01
          LJ-14     Coulomb-14        LJ (SR)  Disper. corr.   Coulomb (SR)
    5.38333e+03   -5.16271e+04    1.46340e+04   -1.48070e+03   -3.35199e+05
   Coul. recip. Position Rest.     Dih. Rest.      Potential    Kinetic En.
    5.75088e+02    1.65729e+01    0.00000e+00   -3.22815e+05    7.99182e+04
   Total Energy  Conserved En.    Temperature Pres. DC (bar) Pressure (bar)
   -2.42897e+05   -2.41673e+05    3.02315e+02   -1.73259e+02   -1.46320e+01
   Constr. rmsd
    3.35454e-06

           Step           Time
          27000       54.00000

   Energies (kJ/mol)
           Bond            U-B    Proper Dih. Per. Imp. Dih.      CMAP Dih.
    6.05942e+03    2.44712e+04    1.48404e+04    2.38407e+02    5.93023e+00
          LJ-14     Coulomb-14        LJ (SR)  Disper. corr.   Coulomb (SR)
    5.45077e+03   -5.15298e+04    1.46317e+04   -1.47883e+03   -3.35484e+05
   Coul. recip. Position Rest.     Dih. Rest.      Potential    Kinetic En.
    5.33094e+02    1.10483e+01    0.00000e+00   -3.22250e+05    7.93251e+04
   Total Energy  Conserved En.    Temperature Pres. DC (bar) Pressure (bar)
   -2.42925e+05   -2.41696e+05    3.00071e+02   -1.72823e+02    7.61183e+01
   Constr. rmsd
    3.28642e-06

           Step           Time
          28000       56.00000

   Energies (kJ/mol)
           Bond            U-B    Proper Dih. Per. Imp. Dih.      CMAP Dih.
    6.04544e+03    2.48753e+04    1.47898e+04    2.69977e+02    1.24934e+01
          LJ-14     Coulomb-14        LJ (SR)  Disper. corr.   Coulomb (SR)
    5.31268e+03   -5.16067e+04    1.40228e+04   -1.47842e+03   -3.34417e+05
   Coul. recip. Position Rest.     Dih. Rest.      Potential    Kinetic En.
    5.84124e+02    1.06380e+01    0.00000e+00   -3.21579e+05    8.11040e+04
   Total Energy  Conserved En.    Temperature Pres. DC (bar) Pressure (bar)
   -2.40475e+05   -2.41731e+05    3.06801e+02   -1.72725e+02   -4.81635e+02
   Constr. rmsd
    3.39267e-06

           Step           Time
          29000       58.00000

   Energies (kJ/mol)
           Bond            U-B    Proper Dih. Per. Imp. Dih.      CMAP Dih.
    6.06130e+03    2.47087e+04    1.47851e+04    2.83169e+02    8.27115e+00
          LJ-14     Coulomb-14        LJ (SR)  Disper. corr.   Coulomb (SR)
    5.39795e+03   -5.16749e+04    1.41617e+04   -1.47826e+03   -3.34373e+05
   Coul. recip. Position Rest.     Dih. Rest.      Potential    Kinetic En.
    5.39702e+02    9.40050e+00    0.00000e+00   -3.21571e+05    8.10060e+04
   Total Energy  Conserved En.    Temperature Pres. DC (bar) Pressure (bar)
   -2.40565e+05   -2.41704e+05    3.06430e+02   -1.72689e+02    3.43116e+01
   Constr. rmsd
    3.52996e-06

           Step           Time
          30000       60.00000

   Energies (kJ/mol)
           Bond            U-B    Proper Dih. Per. Imp. Dih.      CMAP Dih.
    6.12497e+03    2.48185e+04    1.46899e+04    2.07460e+02    8.84862e+00
          LJ-14     Coulomb-14        LJ (SR)  Disper. corr.   Coulomb (SR)
    5.41192e+03   -5.15388e+04    1.57334e+04   -1.47879e+03   -3.36215e+05
   Coul. recip. Position Rest.     Dih. Rest.      Potential    Kinetic En.
    6.00242e+02    7.35493e+00    0.00000e+00   -3.21630e+05    8.01949e+04
   Total Energy  Conserved En.    Temperature Pres. DC (bar) Pressure (bar)
   -2.41435e+05   -2.41646e+05    3.03362e+02   -1.72813e+02    1.79544e+02
   Constr. rmsd
    3.34126e-06

           Step           Time
          31000       62.00000

   Energies (kJ/mol)
           Bond            U-B    Proper Dih. Per. Imp. Dih.      CMAP Dih.
    6.10297e+03    2.46304e+04    1.45716e+04    2.36480e+02    1.23036e+01
          LJ-14     Coulomb-14        LJ (SR)  Disper. corr.   Coulomb (SR)
    5.42174e+03   -5.15748e+04    1.38245e+04   -1.47829e+03   -3.33528e+05
   Coul. recip. Position Rest.     Dih. Rest.      Potential    Kinetic En.
    5.52258e+02    5.36175e+00    0.00000e+00   -3.21223e+05    8.11640e+04
   Total Energy  Conserved En.    Temperature Pres. DC (bar) Pressure (bar)
   -2.40059e+05   -2.41666e+05    3.07027e+02   -1.72695e+02   -6.95349e+01
   Constr. rmsd
    3.43468e-06

           Step           Time
          32000       64.00000

   Energies (kJ/mol)
           Bond            U-B    Proper Dih. Per. Imp. Dih.      CMAP Dih.
    6.13051e+03    2.47637e+04    1.46450e+04    3.05789e+02    1.09921e+01
          LJ-14     Coulomb-14        LJ (SR)  Disper. corr.   Coulomb (SR)
    5.43634e+03   -5.15944e+04    1.47118e+04   -1.47897e+03   -3.34694e+05
   Coul. recip. Position Rest.     Dih. Rest.      Potential    Kinetic En.
    5.17402e+02    6.99461e+00    0.00000e+00   -3.21239e+05    8.10438e+04
   Total Energy  Conserved En.    Temperature Pres. DC (bar) Pressure (bar)
   -2.40195e+05   -2.41656e+05    3.06573e+02   -1.72855e+02    3.79771e+02
   Constr. rmsd
    3.52109e-06

           Step           Time
          33000       66.00000

   Energies (kJ/mol)
           Bond            U-B    Proper Dih. Per. Imp. Dih.      CMAP Dih.
    6.24116e+03    2.40884e+04    1.46633e+04    2.84513e+02    9.58250e+00
          LJ-14     Coulomb-14        LJ (SR)  Disper. corr.   Coulomb (SR)
    5.38375e+03   -5.14694e+04    1.52896e+04   -1.47884e+03   -3.35639e+05
   Coul. recip. Position Rest.     Dih. Rest.      Potential    Kinetic En.
    5.43009e+02    8.98493e+00    0.00000e+00   -3.22075e+05    7.94039e+04
   Total Energy  Conserved En.    Temperature Pres. DC (bar) Pressure (bar)
   -2.42671e+05   -2.41612e+05    3.00370e+02   -1.72824e+02    6.15857e+01
   Constr. rmsd
    3.40740e-06

           Step           Time
          34000       68.00000

   Energies (kJ/mol)
           Bond            U-B    Proper Dih. Per. Imp. Dih.      CMAP Dih.
    6.08817e+03    2.46092e+04    1.46977e+04    2.54505e+02    1.05001e+01
          LJ-14     Coulomb-14        LJ (SR)  Disper. corr.   Coulomb (SR)
    5.36120e+03   -5.13923e+04    1.45879e+04   -1.48288e+03   -3.35860e+05
   Coul. recip. Position Rest.     Dih. Rest.      Potential    Kinetic En.
    5.90319e+02    8.41054e+00    0.00000e+00   -3.22528e+05    7.94593e+04
   Total Energy  Conserved En.    Temperature Pres. DC (bar) Pressure (bar)
   -2.43068e+05   -2.41419e+05    3.00579e+02   -1.73770e+02   -1.57645e+02
   Constr. rmsd
    3.45470e-06

           Step           Time
          35000       70.00000

   Energies (kJ/mol)
           Bond            U-B    Proper Dih. Per. Imp. Dih.      CMAP Dih.
    6.07818e+03    2.43189e+04    1.46816e+04    2.65388e+02    1.00920e+01
          LJ-14     Coulomb-14        LJ (SR)  Disper. corr.   Coulomb (SR)
    5.43136e+03   -5.17528e+04    1.52279e+04   -1.47859e+03   -3.37022e+05
   Coul. recip. Position Rest.     Dih. Rest.      Potential    Kinetic En.
    6.31875e+02    1.45815e+01    0.00000e+00   -3.23593e+05    7.97290e+04
   Total Energy  Conserved En.    Temperature Pres. DC (bar) Pressure (bar)
   -2.43864e+05   -2.41644e+05    3.01599e+02   -1.72765e+02    5.05798e-01
   Constr. rmsd
    3.28610e-06

           Step           Time
          36000       72.00000

   Energies (kJ/mol)
           Bond            U-B    Proper Dih. Per. Imp. Dih.      CMAP Dih.
    6.24067e+03    2.43282e+04    1.47465e+04    2.54695e+02    1.10330e+01
          LJ-14     Coulomb-14        LJ (SR)  Disper. corr.   Coulomb (SR)
    5.34091e+03   -5.13862e+04    1.41224e+04   -1.47810e+03   -3.34957e+05
   Coul. recip. Position Rest.     Dih. Rest.      Potential    Kinetic En.
    6.07901e+02    1.04078e+01    0.00000e+00   -3.22158e+05    7.96999e+04
   Total Energy  Conserved En.    Temperature Pres. DC (bar) Pressure (bar)
   -2.42459e+05   -2.41588e+05    3.01489e+02   -1.72651e+02   -3.10874e+02
   Constr. rmsd
    3.37845e-06

           Step           Time
          37000       74.00000

   Energies (kJ/mol)
           Bond            U-B    Proper Dih. Per. Imp. Dih.      CMAP Dih.
    6.13460e+03    2.46400e+04    1.47745e+04    2.38376e+02    1.13437e+01
          LJ-14     Coulomb-14        LJ (SR)  Disper. corr.   Coulomb (SR)
    5.39137e+03   -5.15056e+04    1.39257e+04   -1.47942e+03   -3.34349e+05
   Coul. recip. Position Rest.     Dih. Rest.      Potential    Kinetic En.
    5.84253e+02    2.07433e+01    0.00000e+00   -3.21613e+05    8.04116e+04
   Total Energy  Conserved En.    Temperature Pres. DC (bar) Pressure (bar)
   -2.41201e+05   -2.41526e+05    3.04181e+02   -1.72960e+02   -2.69351e+02
   Constr. rmsd
    3.35611e-06

           Step           Time
          38000       76.00000

   Energies (kJ/mol)
           Bond            U-B    Proper Dih. Per. Imp. Dih.      CMAP Dih.
    6.10328e+03    2.47305e+04    1.48113e+04    2.92859e+02    1.21971e+01
          LJ-14     Coulomb-14        LJ (SR)  Disper. corr.   Coulomb (SR)
    5.41138e+03   -5.17481e+04    1.36393e+04   -1.48288e+03   -3.33523e+05
   Coul. recip. Position Rest.     Dih. Rest.      Potential    Kinetic En.
    5.92131e+02    1.74080e+01    0.00000e+00   -3.21144e+05    8.04381e+04
   Total Energy  Conserved En.    Temperature Pres. DC (bar) Pressure (bar)
   -2.40706e+05   -2.41392e+05    3.04281e+02   -1.73770e+02   -1.22202e+02
   Constr. rmsd
    3.35435e-06

           Step           Time
          39000       78.00000

   Energies (kJ/mol)
           Bond            U-B    Proper Dih. Per. Imp. Dih.      CMAP Dih.
    6.10995e+03    2.48415e+04    1.48324e+04    2.75322e+02    4.76704e+00
          LJ-14     Coulomb-14        LJ (SR)  Disper. corr.   Coulomb (SR)
    5.42632e+03   -5.14537e+04    1.41268e+04   -1.47982e+03   -3.34413e+05
   Coul. recip. Position Rest.     Dih. Rest.      Potential    Kinetic En.
    6.01328e+02    8.98336e+00    0.00000e+00   -3.21119e+05    8.10748e+04
   Total Energy  Conserved En.    Temperature Pres. DC (bar) Pressure (bar)
   -2.40044e+05   -2.41451e+05    3.06690e+02   -1.73053e+02   -6.30064e+01
   Constr. rmsd
    3.30736e-06

           Step           Time
          40000       80.00000

   Energies (kJ/mol)
           Bond            U-B    Proper Dih. Per. Imp. Dih.      CMAP Dih.
    5.94602e+03    2.46499e+04    1.46312e+04    2.25608e+02    1.14574e+01
          LJ-14     Coulomb-14        LJ (SR)  Disper. corr.   Coulomb (SR)
    5.37068e+03   -5.14476e+04    1.37564e+04   -1.48231e+03   -3.34578e+05
   Coul. recip. Position Rest.     Dih. Rest.      Potential    Kinetic En.
    5.84070e+02    1.95956e+01    0.00000e+00   -3.22313e+05    8.00627e+04
   Total Energy  Conserved En.    Temperature Pres. DC (bar) Pressure (bar)
   -2.42251e+05   -2.41396e+05    3.02862e+02   -1.73637e+02   -3.09098e+02
   Constr. rmsd
    3.29152e-06

           Step           Time
          41000       82.00000

   Energies (kJ/mol)
           Bond            U-B    Proper Dih. Per. Imp. Dih.      CMAP Dih.
    6.16901e+03    2.45219e+04    1.44877e+04    2.90713e+02    1.23965e+01
          LJ-14     Coulomb-14        LJ (SR)  Disper. corr.   Coulomb (SR)
    5.27047e+03   -5.15701e+04    1.50597e+04   -1.47967e+03   -3.35766e+05
   Coul. recip. Position Rest.     Dih. Rest.      Potential    Kinetic En.
    5.79229e+02    1.43544e+01    0.00000e+00   -3.22410e+05    7.96739e+04
   Total Energy  Conserved En.    Temperature Pres. DC (bar) Pressure (bar)
   -2.42736e+05   -2.41466e+05    3.01391e+02   -1.73018e+02   -1.16224e+02
   Constr. rmsd
    3.37098e-06

           Step           Time
          42000       84.00000

   Energies (kJ/mol)
           Bond            U-B    Proper Dih. Per. Imp. Dih.      CMAP Dih.
    6.08711e+03    2.43486e+04    1.47952e+04    2.42552e+02    8.59280e+00
          LJ-14     Coulomb-14        LJ (SR)  Disper. corr.   Coulomb (SR)
    5.44376e+03   -5.16076e+04    1.46758e+04   -1.48224e+03   -3.35063e+05
   Coul. recip. Position Rest.     Dih. Rest.      Potential    Kinetic En.
    5.67929e+02    1.10276e+01    0.00000e+00   -3.21972e+05    8.01238e+04
   Total Energy  Conserved En.    Temperature Pres. DC (bar) Pressure (bar)
   -2.41848e+05   -2.41375e+05    3.03093e+02   -1.73620e+02   -3.15133e+01
   Constr. rmsd
    3.40384e-06

           Step           Time
          43000       86.00000

   Energies (kJ/mol)
           Bond            U-B    Proper Dih. Per. Imp. Dih.      CMAP Dih.
    6.12295e+03    2.44941e+04    1.44396e+04    2.54145e+02    9.36169e+00
          LJ-14     Coulomb-14        LJ (SR)  Disper. corr.   Coulomb (SR)
    5.36436e+03   -5.16815e+04    1.46175e+04   -1.47929e+03   -3.35436e+05
   Coul. recip. Position Rest.     Dih. Rest.      Potential    Kinetic En.
    5.73127e+02    9.33897e+00    0.00000e+00   -3.22712e+05    8.04239e+04
   Total Energy  Conserved En.    Temperature Pres. DC (bar) Pressure (bar)
   -2.42288e+05   -2.41451e+05    3.04228e+02   -1.72929e+02   -4.73585e+01
   Constr. rmsd
    3.38939e-06

           Step           Time
          44000       88.00000

   Energies (kJ/mol)
           Bond            U-B    Proper Dih. Per. Imp. Dih.      CMAP Dih.
    6.00413e+03    2.45339e+04    1.45572e+04    2.77009e+02    1.34105e+01
          LJ-14     Coulomb-14        LJ (SR)  Disper. corr.   Coulomb (SR)
    5.40892e+03   -5.16356e+04    1.48318e+04   -1.47946e+03   -3.35839e+05
   Coul. recip. Position Rest.     Dih. Rest.      Potential    Kinetic En.
    6.22657e+02    7.55254e+00    0.00000e+00   -3.22697e+05    7.96584e+04
   Total Energy  Conserved En.    Temperature Pres. DC (bar) Pressure (bar)
   -2.43039e+05   -2.41415e+05    3.01332e+02   -1.72969e+02   -1.38614e+02
   Constr. rmsd
    3.34810e-06

           Step           Time
          45000       90.00000

   Energies (kJ/mol)
           Bond            U-B    Proper Dih. Per. Imp. Dih.      CMAP Dih.
    6.14916e+03    2.47247e+04    1.47138e+04    2.52820e+02    1.28958e+01
          LJ-14     Coulomb-14        LJ (SR)  Disper. corr.   Coulomb (SR)
    5.40678e+03   -5.17370e+04    1.45308e+04   -1.48043e+03   -3.34750e+05
   Coul. recip. Position Rest.     Dih. Rest.      Potential    Kinetic En.
    5.48222e+02    6.28857e+00    0.00000e+00   -3.21622e+05    7.99224e+04
   Total Energy  Conserved En.    Temperature Pres. DC (bar) Pressure (bar)
   -2.41699e+05   -2.41325e+05    3.02331e+02   -1.73197e+02    2.06993e+02
   Constr. rmsd
    3.38908e-06

           Step           Time
          46000       92.00000

   Energies (kJ/mol)
           Bond            U-B    Proper Dih. Per. Imp. Dih.      CMAP Dih.
    6.03457e+03    2.47335e+04    1.46925e+04    2.75538e+02    1.38268e+01
          LJ-14     Coulomb-14        LJ (SR)  Disper. corr.   Coulomb (SR)
    5.29412e+03   -5.15111e+04    1.43506e+04   -1.48424e+03   -3.35584e+05
   Coul. recip. Position Rest.     Dih. Rest.      Potential    Kinetic En.
    5.79391e+02    1.10685e+01    0.00000e+00   -3.22595e+05    8.01381e+04
   Total Energy  Conserved En.    Temperature Pres. DC (bar) Pressure (bar)
   -2.42456e+05   -2.41194e+05    3.03147e+02   -1.74089e+02   -3.92781e+02
   Constr. rmsd
    3.44095e-06

           Step           Time
          47000       94.00000

   Energies (kJ/mol)
           Bond            U-B    Proper Dih. Per. Imp. Dih.      CMAP Dih.
    6.10185e+03    2.45828e+04    1.45643e+04    2.46916e+02    1.10250e+01
          LJ-14     Coulomb-14        LJ (SR)  Disper. corr.   Coulomb (SR)
    5.49976e+03   -5.16230e+04    1.54747e+04   -1.48602e+03   -3.36153e+05
   Coul. recip. Position Rest.     Dih. Rest.      Potential    Kinetic En.
    5.89172e+02    9.25813e+00    0.00000e+00   -3.22182e+05    8.00526e+04
   Total Energy  Conserved En.    Temperature Pres. DC (bar) Pressure (bar)
   -2.42130e+05   -2.41148e+05    3.02823e+02   -1.74506e+02    4.59391e+02
   Constr. rmsd
    3.49262e-06

           Step           Time
          48000       96.00000

   Energies (kJ/mol)
           Bond            U-B    Proper Dih. Per. Imp. Dih.      CMAP Dih.
    6.10789e+03    2.50399e+04    1.45619e+04    2.56450e+02    5.79476e+00
          LJ-14     Coulomb-14        LJ (SR)  Disper. corr.   Coulomb (SR)
    5.38523e+03   -5.16476e+04    1.43813e+04   -1.48438e+03   -3.34506e+05
   Coul. recip. Position Rest.     Dih. Rest.      Potential    Kinetic En.
    5.84017e+02    1.06451e+01    0.00000e+00   -3.21305e+05    8.03131e+04
   Total Energy  Conserved En.    Temperature Pres. DC (bar) Pressure (bar)
   -2.40992e+05   -2.41175e+05    3.03809e+02   -1.74121e+02    3.24427e+02
   Constr. rmsd
    3.47156e-06

           Step           Time
          49000       98.00000

   Energies (kJ/mol)
           Bond            U-B    Proper Dih. Per. Imp. Dih.      CMAP Dih.
    6.23129e+03    2.45579e+04    1.45985e+04    2.28726e+02    1.05468e+01
          LJ-14     Coulomb-14        LJ (SR)  Disper. corr.   Coulomb (SR)
    5.42781e+03   -5.16154e+04    1.49922e+04   -1.48665e+03   -3.36747e+05
   Coul. recip. Position Rest.     Dih. Rest.      Potential    Kinetic En.
    6.23699e+02    6.55781e+00    0.00000e+00   -3.23172e+05    8.02614e+04
   Total Energy  Conserved En.    Temperature Pres. DC (bar) Pressure (bar)
   -2.42911e+05   -2.41092e+05    3.03613e+02   -1.74654e+02   -2.17283e+02
   Constr. rmsd
    3.33009e-06

           Step           Time
          50000      100.00000

   Energies (kJ/mol)
           Bond            U-B    Proper Dih. Per. Imp. Dih.      CMAP Dih.
    5.79946e+03    2.45044e+04    1.45908e+04    2.35411e+02    9.16919e+00
          LJ-14     Coulomb-14        LJ (SR)  Disper. corr.   Coulomb (SR)
    5.43812e+03   -5.16465e+04    1.46034e+04   -1.48730e+03   -3.35233e+05
   Coul. recip. Position Rest.     Dih. Rest.      Potential    Kinetic En.
    6.08891e+02    7.95194e+00    0.00000e+00   -3.22570e+05    7.94305e+04
   Total Energy  Conserved En.    Temperature Pres. DC (bar) Pressure (bar)
   -2.43139e+05   -2.41089e+05    3.00470e+02   -1.74806e+02    1.68896e+02
   Constr. rmsd
    3.41143e-06

           Step           Time
          51000      102.00000

   Energies (kJ/mol)
           Bond            U-B    Proper Dih. Per. Imp. Dih.      CMAP Dih.
    5.89089e+03    2.42172e+04    1.47860e+04    2.22943e+02    1.80222e+01
          LJ-14     Coulomb-14        LJ (SR)  Disper. corr.   Coulomb (SR)
    5.54618e+03   -5.15453e+04    1.48723e+04   -1.48852e+03   -3.36844e+05
   Coul. recip. Position Rest.     Dih. Rest.      Potential    Kinetic En.
    5.90316e+02    1.35552e+01    0.00000e+00   -3.23720e+05    7.95219e+04
   Total Energy  Conserved En.    Temperature Pres. DC (bar) Pressure (bar)
   -2.44199e+05   -2.41050e+05    3.00816e+02   -1.75095e+02    3.70615e+02
   Constr. rmsd
    3.33429e-06

           Step           Time
          52000      104.00000

   Energies (kJ/mol)
           Bond            U-B    Proper Dih. Per. Imp. Dih.      CMAP Dih.
    5.96662e+03    2.40810e+04    1.46544e+04    2.55337e+02    8.86167e+00
          LJ-14     Coulomb-14        LJ (SR)  Disper. corr.   Coulomb (SR)
    5.45337e+03   -5.15028e+04    1.37580e+04   -1.48227e+03   -3.34748e+05
   Coul. recip. Position Rest.     Dih. Rest.      Potential    Kinetic En.
    5.28107e+02    9.18563e+00    0.00000e+00   -3.23018e+05    7.93291e+04
   Total Energy  Conserved En.    Temperature Pres. DC (bar) Pressure (bar)
   -2.43689e+05   -2.41286e+05    3.00086e+02   -1.73626e+02    2.26932e+01
   Constr. rmsd
    3.40184e-06

           Step           Time
          53000      106.00000

   Energies (kJ/mol)
           Bond            U-B    Proper Dih. Per. Imp. Dih.      CMAP Dih.
    6.13047e+03    2.43563e+04    1.46637e+04    2.73800e+02    1.23357e+01
          LJ-14     Coulomb-14        LJ (SR)  Disper. corr.   Coulomb (SR)
    5.37571e+03   -5.15947e+04    1.46513e+04   -1.48614e+03   -3.35644e+05
   Coul. recip. Position Rest.     Dih. Rest.      Potential    Kinetic En.
    5.93486e+02    9.24683e+00    0.00000e+00   -3.22658e+05    8.00648e+04
   Total Energy  Conserved En.    Temperature Pres. DC (bar) Pressure (bar)
   -2.42593e+05   -2.41144e+05    3.02869e+02   -1.74533e+02   -1.51011e+01
   Constr. rmsd
    3.27094e-06

           Step           Time
          54000      108.00000

   Energies (kJ/mol)
           Bond            U-B    Proper Dih. Per. Imp. Dih.      CMAP Dih.
    6.08881e+03    2.46416e+04    1.46994e+04    2.53299e+02    1.08454e+01
          LJ-14     Coulomb-14        LJ (SR)  Disper. corr.   Coulomb (SR)
    5.39979e+03   -5.15105e+04    1.43884e+04   -1.48530e+03   -3.35721e+05
   Coul. recip. Position Rest.     Dih. Rest.      Potential    Kinetic En.
    6.16004e+02    1.16461e+01    0.00000e+00   -3.22607e+05    7.99108e+04
   Total Energy  Conserved En.    Temperature Pres. DC (bar) Pressure (bar)
   -2.42697e+05   -2.41132e+05    3.02287e+02   -1.74337e+02   -7.07692e+01
   Constr. rmsd
    3.27725e-06

           Step           Time
          55000      110.00000

   Energies (kJ/mol)
           Bond            U-B    Proper Dih. Per. Imp. Dih.      CMAP Dih.
    6.00422e+03    2.42413e+04    1.46871e+04    2.95874e+02    1.18930e+01
          LJ-14     Coulomb-14        LJ (SR)  Disper. corr.   Coulomb (SR)
    5.44985e+03   -5.15324e+04    1.44531e+04   -1.48255e+03   -3.35272e+05
   Coul. recip. Position Rest.     Dih. Rest.      Potential    Kinetic En.
    6.02260e+02    1.09388e+01    0.00000e+00   -3.22530e+05    8.02060e+04
   Total Energy  Conserved En.    Temperature Pres. DC (bar) Pressure (bar)
   -2.42324e+05   -2.41197e+05    3.03403e+02   -1.73692e+02    2.90452e+02
   Constr. rmsd
    3.20927e-06

           Step           Time
          56000      112.00000

   Energies (kJ/mol)
           Bond            U-B    Proper Dih. Per. Imp. Dih.      CMAP Dih.
    5.97310e+03    2.43618e+04    1.46285e+04    2.41908e+02    1.06043e+01
          LJ-14     Coulomb-14        LJ (SR)  Disper. corr.   Coulomb (SR)
    5.30656e+03   -5.13007e+04    1.54791e+04   -1.48212e+03   -3.36635e+05
   Coul. recip. Position Rest.     Dih. Rest.      Potential    Kinetic En.
    5.93510e+02    1.12242e+01    0.00000e+00   -3.22812e+05    7.94655e+04
   Total Energy  Conserved En.    Temperature Pres. DC (bar) Pressure (bar)
   -2.43346e+05   -2.41207e+05    3.00603e+02   -1.73591e+02    1.06284e+02
   Constr. rmsd
    3.25234e-06

           Step           Time
          57000      114.00000

   Energies (kJ/mol)
           Bond            U-B    Proper Dih. Per. Imp. Dih.      CMAP Dih.
    6.01467e+03    2.45666e+04    1.47075e+04    2.76240e+02    1.20800e+01
          LJ-14     Coulomb-14        LJ (SR)  Disper. corr.   Coulomb (SR)
    5.33759e+03   -5.15903e+04    1.38974e+04   -1.48147e+03   -3.34777e+05
   Coul. recip. Position Rest.     Dih. Rest.      Potential    Kinetic En.
    5.91712e+02    1.20963e+01    0.00000e+00   -3.22433e+05    8.09108e+04
   Total Energy  Conserved En.    Temperature Pres. DC (bar) Pressure (bar)
   -2.41522e+05   -2.41262e+05    3.06070e+02   -1.73440e+02   -1.11878e+02
   Constr. rmsd
    3.40313e-06

           Step           Time
          58000      116.00000

   Energies (kJ/mol)
           Bond            U-B    Proper Dih. Per. Imp. Dih.      CMAP Dih.
    6.02611e+03    2.45827e+04    1.46582e+04    2.64223e+02    1.30178e+01
          LJ-14     Coulomb-14        LJ (SR)  Disper. corr.   Coulomb (SR)
    5.32789e+03   -5.16077e+04    1.46330e+04   -1.47657e+03   -3.34645e+05
   Coul. recip. Position Rest.     Dih. Rest.      Potential    Kinetic En.
    6.17267e+02    1.16620e+01    0.00000e+00   -3.21595e+05    8.03153e+04
   Total Energy  Conserved En.    Temperature Pres. DC (bar) Pressure (bar)
   -2.41280e+05   -2.41420e+05    3.03817e+02   -1.72293e+02   -4.68634e+01
   Constr. rmsd
    3.33885e-06

           Step           Time
          59000      118.00000

   Energies (kJ/mol)
           Bond            U-B    Proper Dih. Per. Imp. Dih.      CMAP Dih.
    5.99318e+03    2.47999e+04    1.47720e+04    2.56040e+02    9.78319e+00
          LJ-14     Coulomb-14        LJ (SR)  Disper. corr.   Coulomb (SR)
    5.39468e+03   -5.16803e+04    1.40400e+04   -1.48196e+03   -3.35104e+05
   Coul. recip. Position Rest.     Dih. Rest.      Potential    Kinetic En.
    5.99582e+02    1.55139e+01    0.00000e+00   -3.22386e+05    8.02976e+04
   Total Energy  Conserved En.    Temperature Pres. DC (bar) Pressure (bar)
   -2.42088e+05   -2.41172e+05    3.03750e+02   -1.73553e+02   -3.12806e+01
   Constr. rmsd
    3.36284e-06

           Step           Time
          60000      120.00000

   Energies (kJ/mol)
           Bond            U-B    Proper Dih. Per. Imp. Dih.      CMAP Dih.
    6.24273e+03    2.45977e+04    1.48405e+04    2.73604e+02    7.20766e+00
          LJ-14     Coulomb-14        LJ (SR)  Disper. corr.   Coulomb (SR)
    5.41474e+03   -5.15325e+04    1.43450e+04   -1.48675e+03   -3.35687e+05
   Coul. recip. Position Rest.     Dih. Rest.      Potential    Kinetic En.
    5.91284e+02    1.27849e+01    0.00000e+00   -3.22380e+05    8.01112e+04
   Total Energy  Conserved En.    Temperature Pres. DC (bar) Pressure (bar)
   -2.42269e+05   -2.40967e+05    3.03045e+02   -1.74679e+02   -9.71768e+01
   Constr. rmsd
    3.38360e-06

           Step           Time
          61000      122.00000

   Energies (kJ/mol)
           Bond            U-B    Proper Dih. Per. Imp. Dih.      CMAP Dih.
    6.19024e+03    2.45594e+04    1.47187e+04    2.69558e+02    1.36202e+01
          LJ-14     Coulomb-14        LJ (SR)  Disper. corr.   Coulomb (SR)
    5.38562e+03   -5.13611e+04    1.44408e+04   -1.48507e+03   -3.35529e+05
   Coul. recip. Position Rest.     Dih. Rest.      Potential    Kinetic En.
    5.89064e+02    1.07562e+01    0.00000e+00   -3.22198e+05    8.00862e+04
   Total Energy  Conserved En.    Temperature Pres. DC (bar) Pressure (bar)
   -2.42112e+05   -2.41028e+05    3.02951e+02   -1.74283e+02   -2.25800e+02
   Constr. rmsd
    3.53615e-06

           Step           Time
          62000      124.00000

   Energies (kJ/mol)
           Bond            U-B    Proper Dih. Per. Imp. Dih.      CMAP Dih.
    6.12335e+03    2.47015e+04    1.48047e+04    3.03105e+02    6.01151e+00
          LJ-14     Coulomb-14        LJ (SR)  Disper. corr.   Coulomb (SR)
    5.30657e+03   -5.15701e+04    1.45868e+04   -1.48826e+03   -3.35857e+05
   Coul. recip. Position Rest.     Dih. Rest.      Potential    Kinetic En.
    5.99361e+02    1.01677e+01    0.00000e+00   -3.22474e+05    8.05820e+04
   Total Energy  Conserved En.    Temperature Pres. DC (bar) Pressure (bar)
   -2.41892e+05   -2.40891e+05    3.04826e+02   -1.75032e+02   -3.78737e+00
   Constr. rmsd
    3.37800e-06

           Step           Time
          63000      126.00000

   Energies (kJ/mol)
           Bond            U-B    Proper Dih. Per. Imp. Dih.      CMAP Dih.
    6.06602e+03    2.46264e+04    1.47368e+04    2.22992e+02    9.87994e+00
          LJ-14     Coulomb-14        LJ (SR)  Disper. corr.   Coulomb (SR)
    5.42480e+03   -5.16792e+04    1.40338e+04   -1.48858e+03   -3.35223e+05
   Coul. recip. Position Rest.     Dih. Rest.      Potential    Kinetic En.
    5.70231e+02    8.03133e+00    0.00000e+00   -3.22692e+05    8.09967e+04
   Total Energy  Conserved En.    Temperature Pres. DC (bar) Pressure (bar)
   -2.41695e+05   -2.40915e+05    3.06394e+02   -1.75109e+02    8.72844e+01
   Constr. rmsd
    3.35781e-06

           Step           Time
          64000      128.00000

   Energies (kJ/mol)
           Bond            U-B    Proper Dih. Per. Imp. Dih.      CMAP Dih.
    6.09763e+03    2.48577e+04    1.46107e+04    3.05339e+02    6.01597e+00
          LJ-14     Coulomb-14        LJ (SR)  Disper. corr.   Coulomb (SR)
    5.36616e+03   -5.15383e+04    1.47782e+04   -1.48976e+03   -3.35582e+05
   Coul. recip. Position Rest.     Dih. Rest.      Potential    Kinetic En.
    5.64339e+02    5.55019e+00    0.00000e+00   -3.22018e+05    8.08023e+04
   Total Energy  Conserved En.    Temperature Pres. DC (bar) Pressure (bar)
   -2.41216e+05   -2.40822e+05    3.05659e+02   -1.75385e+02    1.74455e+02
   Constr. rmsd
    3.47157e-06

           Step           Time
          65000      130.00000

   Energies (kJ/mol)
           Bond            U-B    Proper Dih. Per. Imp. Dih.      CMAP Dih.
    6.29062e+03    2.43058e+04    1.45486e+04    2.78894e+02    6.91017e+00
          LJ-14     Coulomb-14        LJ (SR)  Disper. corr.   Coulomb (SR)
    5.32690e+03   -5.14119e+04    1.43836e+04   -1.48892e+03   -3.36169e+05
   Coul. recip. Position Rest.     Dih. Rest.      Potential    Kinetic En.
    6.00088e+02    9.13545e+00    0.00000e+00   -3.23319e+05    8.03240e+04
   Total Energy  Conserved En.    Temperature Pres. DC (bar) Pressure (bar)
   -2.42995e+05   -2.40824e+05    3.03850e+02   -1.75188e+02   -5.15470e+02
   Constr. rmsd
    3.36940e-06

           Step           Time
          66000      132.00000

   Energies (kJ/mol)
           Bond            U-B    Proper Dih. Per. Imp. Dih.      CMAP Dih.
    6.48853e+03    2.45154e+04    1.47833e+04    2.60316e+02    1.23061e+01
          LJ-14     Coulomb-14        LJ (SR)  Disper. corr.   Coulomb (SR)
    5.36272e+03   -5.17340e+04    1.49790e+04   -1.48882e+03   -3.36035e+05
   Coul. recip. Position Rest.     Dih. Rest.      Potential    Kinetic En.
    6.21462e+02    1.25942e+01    0.00000e+00   -3.22223e+05    8.02459e+04
   Total Energy  Conserved En.    Temperature Pres. DC (bar) Pressure (bar)
   -2.41977e+05   -2.40842e+05    3.03554e+02   -1.75164e+02    2.10213e+00
   Constr. rmsd
    3.36275e-06

           Step           Time
          67000      134.00000

   Energies (kJ/mol)
           Bond            U-B    Proper Dih. Per. Imp. Dih.      CMAP Dih.
    6.20111e+03    2.43360e+04    1.46199e+04    2.48781e+02    1.24625e+01
          LJ-14     Coulomb-14        LJ (SR)  Disper. corr.   Coulomb (SR)
    5.35057e+03   -5.15569e+04    1.45378e+04   -1.48386e+03   -3.34881e+05
   Coul. recip. Position Rest.     Dih. Rest.      Potential    Kinetic En.
    5.97100e+02    1.23972e+01    0.00000e+00   -3.22005e+05    8.00211e+04
   Total Energy  Conserved En.    Temperature Pres. DC (bar) Pressure (bar)
   -2.41984e+05   -2.41024e+05    3.02704e+02   -1.74000e+02    1.31306e+02
   Constr. rmsd
    3.42470e-06

           Step           Time
          68000      136.00000

   Energies (kJ/mol)
           Bond            U-B    Proper Dih. Per. Imp. Dih.      CMAP Dih.
    6.27482e+03    2.46357e+04    1.45566e+04    2.76808e+02    1.20899e+01
          LJ-14     Coulomb-14        LJ (SR)  Disper. corr.   Coulomb (SR)
    5.34557e+03   -5.15377e+04    1.44388e+04   -1.48112e+03   -3.35548e+05
   Coul. recip. Position Rest.     Dih. Rest.      Potential    Kinetic En.
    5.61674e+02    9.23623e+00    0.00000e+00   -3.22455e+05    7.97285e+04
   Total Energy  Conserved En.    Temperature Pres. DC (bar) Pressure (bar)
   -2.42727e+05   -2.41052e+05    3.01597e+02   -1.73357e+02   -1.79094e+02
   Constr. rmsd
    3.32822e-06

           Step           Time
          69000      138.00000

   Energies (kJ/mol)
           Bond            U-B    Proper Dih. Per. Imp. Dih.      CMAP Dih.
    6.03819e+03    2.39588e+04    1.46190e+04    2.55167e+02    1.05737e+01
          LJ-14     Coulomb-14        LJ (SR)  Disper. corr.   Coulomb (SR)
    5.35416e+03   -5.14790e+04    1.48256e+04   -1.47701e+03   -3.36004e+05
   Coul. recip. Position Rest.     Dih. Rest.      Potential    Kinetic En.
    6.13174e+02    8.78942e+00    0.00000e+00   -3.23276e+05    7.95867e+04
   Total Energy  Conserved En.    Temperature Pres. DC (bar) Pressure (bar)
   -2.43689e+05   -2.41276e+05    3.01061e+02   -1.72397e+02   -1.87932e+02
   Constr. rmsd
    3.25303e-06

           Step           Time
          70000      140.00000

   Energies (kJ/mol)
           Bond            U-B    Proper Dih. Per. Imp. Dih.      CMAP Dih.
    6.17941e+03    2.43865e+04    1.47507e+04    2.86376e+02    1.34722e+01
          LJ-14     Coulomb-14        LJ (SR)  Disper. corr.   Coulomb (SR)
    5.38050e+03   -5.16003e+04    1.49275e+04   -1.47429e+03   -3.35780e+05
   Coul. recip. Position Rest.     Dih. Rest.      Potential    Kinetic En.
    5.52973e+02    6.68968e+00    0.00000e+00   -3.22371e+05    7.97929e+04
   Total Energy  Conserved En.    Temperature Pres. DC (bar) Pressure (bar)
   -2.42578e+05   -2.41317e+05    3.01841e+02   -1.71763e+02    1.14855e+02
   Constr. rmsd
    3.37113e-06

           Step           Time
          71000      142.00000

   Energies (kJ/mol)
           Bond            U-B    Proper Dih. Per. Imp. Dih.      CMAP Dih.
    6.17805e+03    2.45156e+04    1.45555e+04    2.66013e+02    8.68546e+00
          LJ-14     Coulomb-14        LJ (SR)  Disper. corr.   Coulomb (SR)
    5.31156e+03   -5.18906e+04    1.49980e+04   -1.47391e+03   -3.34639e+05
   Coul. recip. Position Rest.     Dih. Rest.      Potential    Kinetic En.
    5.56284e+02    6.61028e+00    0.00000e+00   -3.21607e+05    7.99821e+04
   Total Energy  Conserved En.    Temperature Pres. DC (bar) Pressure (bar)
   -2.41625e+05   -2.41311e+05    3.02557e+02   -1.71673e+02   -1.76891e+02
   Constr. rmsd
    3.40053e-06

           Step           Time
          72000      144.00000

   Energies (kJ/mol)
           Bond            U-B    Proper Dih. Per. Imp. Dih.      CMAP Dih.
    5.77713e+03    2.47437e+04    1.45382e+04    2.24828e+02    8.86624e+00
          LJ-14     Coulomb-14        LJ (SR)  Disper. corr.   Coulomb (SR)
    5.23133e+03   -5.14373e+04    1.47560e+04   -1.48538e+03   -3.36322e+05
   Coul. recip. Position Rest.     Dih. Rest.      Potential    Kinetic En.
    5.42185e+02    8.62503e+00    0.00000e+00   -3.23413e+05    7.95952e+04
   Total Energy  Conserved En.    Temperature Pres. DC (bar) Pressure (bar)
   -2.43818e+05   -2.40836e+05    3.01093e+02   -1.74356e+02   -3.80001e+02
   Constr. rmsd
    3.35388e-06

           Step           Time
          73000      146.00000

   Energies (kJ/mol)
           Bond            U-B    Proper Dih. Per. Imp. Dih.      CMAP Dih.
    5.80863e+03    2.44253e+04    1.48536e+04    3.11527e+02    5.29749e+00
          LJ-14     Coulomb-14        LJ (SR)  Disper. corr.   Coulomb (SR)
    5.50082e+03   -5.17580e+04    1.53101e+04   -1.48283e+03   -3.37020e+05
   Coul. recip. Position Rest.     Dih. Rest.      Potential    Kinetic En.
    5.75047e+02    1.19906e+01    0.00000e+00   -3.23458e+05    7.99231e+04
   Total Energy  Conserved En.    Temperature Pres. DC (bar) Pressure (bar)
   -2.43535e+05   -2.40974e+05    3.02334e+02   -1.73758e+02    3.03542e+02
   Constr. rmsd
    3.53784e-06

           Step           Time
          74000      148.00000

   Energies (kJ/mol)
           Bond            U-B    Proper Dih. Per. Imp. Dih.      CMAP Dih.
    5.96524e+03    2.42843e+04    1.45924e+04    2.65581e+02    1.63238e+01
          LJ-14     Coulomb-14        LJ (SR)  Disper. corr.   Coulomb (SR)
    5.36691e+03   -5.17710e+04    1.46566e+04   -1.48716e+03   -3.36122e+05
   Coul. recip. Position Rest.     Dih. Rest.      Potential    Kinetic En.
    5.61289e+02    1.05373e+01    0.00000e+00   -3.23660e+05    7.93419e+04
   Total Energy  Conserved En.    Temperature Pres. DC (bar) Pressure (bar)
   -2.44319e+05   -2.40796e+05    3.00135e+02   -1.74774e+02    3.77580e+02
   Constr. rmsd
    3.31190e-06

           Step           Time
          75000      150.00000

   Energies (kJ/mol)
           Bond            U-B    Proper Dih. Per. Imp. Dih.      CMAP Dih.
    6.06746e+03    2.45044e+04    1.48489e+04    2.74018e+02    9.43558e+00
          LJ-14     Coulomb-14        LJ (SR)  Disper. corr.   Coulomb (SR)
    5.44464e+03   -5.16894e+04    1.49568e+04   -1.48337e+03   -3.35668e+05
   Coul. recip. Position Rest.     Dih. Rest.      Potential    Kinetic En.
    5.88828e+02    8.87680e+00    0.00000e+00   -3.22138e+05    7.92586e+04
   Total Energy  Conserved En.    Temperature Pres. DC (bar) Pressure (bar)
   -2.42879e+05   -2.40918e+05    2.99820e+02   -1.73884e+02    4.11616e+01
   Constr. rmsd
    3.39889e-06

           Step           Time
          76000      152.00000

   Energies (kJ/mol)
           Bond            U-B    Proper Dih. Per. Imp. Dih.      CMAP Dih.
    6.19337e+03    2.48552e+04    1.47473e+04    2.48257e+02    1.10511e+01
          LJ-14     Coulomb-14        LJ (SR)  Disper. corr.   Coulomb (SR)
    5.45851e+03   -5.16221e+04    1.42046e+04   -1.48116e+03   -3.34859e+05
   Coul. recip. Position Rest.     Dih. Rest.      Potential    Kinetic En.
    5.82244e+02    6.51082e+00    0.00000e+00   -3.21655e+05    8.00761e+04
   Total Energy  Conserved En.    Temperature Pres. DC (bar) Pressure (bar)
   -2.41579e+05   -2.40954e+05    3.02912e+02   -1.73368e+02    1.15248e+02
   Constr. rmsd
    3.37414e-06

           Step           Time
          77000      154.00000

   Energies (kJ/mol)
           Bond            U-B    Proper Dih. Per. Imp. Dih.      CMAP Dih.
    6.01517e+03    2.46871e+04    1.47779e+04    2.55714e+02    1.04680e+01
          LJ-14     Coulomb-14        LJ (SR)  Disper. corr.   Coulomb (SR)
    5.46991e+03   -5.14673e+04    1.47535e+04   -1.48230e+03   -3.35692e+05
   Coul. recip. Position Rest.     Dih. Rest.      Potential    Kinetic En.
    5.88434e+02    1.24301e+01    0.00000e+00   -3.22071e+05    7.98488e+04
   Total Energy  Conserved En.    Temperature Pres. DC (bar) Pressure (bar)
   -2.42222e+05   -2.40926e+05    3.02052e+02   -1.73633e+02    4.11401e+01
   Constr. rmsd
    3.33626e-06

           Step           Time
          78000      156.00000

   Energies (kJ/mol)
           Bond            U-B    Proper Dih. Per. Imp. Dih.      CMAP Dih.
    6.17085e+03    2.45490e+04    1.47374e+04    2.71405e+02    1.04252e+01
          LJ-14     Coulomb-14        LJ (SR)  Disper. corr.   Coulomb (SR)
    5.40990e+03   -5.17057e+04    1.40702e+04   -1.47949e+03   -3.34928e+05
   Coul. recip. Position Rest.     Dih. Rest.      Potential    Kinetic En.
    5.53172e+02    9.23026e+00    0.00000e+00   -3.22332e+05    7.99630e+04
   Total Energy  Conserved En.    Temperature Pres. DC (bar) Pressure (bar)
   -2.42369e+05   -2.41022e+05    3.02484e+02   -1.72975e+02   -3.19708e+02
   Constr. rmsd
    3.38957e-06

           Step           Time
          79000      158.00000

   Energies (kJ/mol)
           Bond            U-B    Proper Dih. Per. Imp. Dih.      CMAP Dih.
    5.97770e+03    2.45790e+04    1.46181e+04    2.83313e+02    1.29917e+01
          LJ-14     Coulomb-14        LJ (SR)  Disper. corr.   Coulomb (SR)
    5.40015e+03   -5.15858e+04    1.39490e+04   -1.47801e+03   -3.34066e+05
   Coul. recip. Position Rest.     Dih. Rest.      Potential    Kinetic En.
    5.98799e+02    1.28205e+01    0.00000e+00   -3.21698e+05    8.02760e+04
   Total Energy  Conserved En.    Temperature Pres. DC (bar) Pressure (bar)
   -2.41422e+05   -2.41088e+05    3.03668e+02   -1.72631e+02   -1.15960e+02
   Constr. rmsd
    3.33444e-06

           Step           Time
          80000      160.00000

   Energies (kJ/mol)
           Bond            U-B    Proper Dih. Per. Imp. Dih.      CMAP Dih.
    6.02082e+03    2.47775e+04    1.47728e+04    2.74689e+02    1.28468e+01
          LJ-14     Coulomb-14        LJ (SR)  Disper. corr.   Coulomb (SR)
    5.30688e+03   -5.17216e+04    1.49324e+04   -1.48356e+03   -3.35682e+05
   Coul. recip. Position Rest.     Dih. Rest.      Potential    Kinetic En.
    6.36744e+02    1.17741e+01    0.00000e+00   -3.22140e+05    8.05035e+04
   Total Energy  Conserved En.    Temperature Pres. DC (bar) Pressure (bar)
   -2.41637e+05   -2.40871e+05    3.04529e+02   -1.73929e+02   -6.23063e+01
   Constr. rmsd
    3.42182e-06

           Step           Time
          81000      162.00000

   Energies (kJ/mol)
           Bond            U-B    Proper Dih. Per. Imp. Dih.      CMAP Dih.
    6.28956e+03    2.46547e+04    1.47272e+04    2.68317e+02    1.65925e+01
          LJ-14     Coulomb-14        LJ (SR)  Disper. corr.   Coulomb (SR)
    5.40117e+03   -5.16235e+04    1.37625e+04   -1.48584e+03   -3.34351e+05
   Coul. recip. Position Rest.     Dih. Rest.      Potential    Kinetic En.
    5.52363e+02    8.64092e+00    0.00000e+00   -3.21779e+05    8.01278e+04
   Total Energy  Conserved En.    Temperature Pres. DC (bar) Pressure (bar)
   -2.41651e+05   -2.40711e+05    3.03108e+02   -1.74465e+02   -6.80823e+01
   Constr. rmsd
    3.34063e-06

           Step           Time
          82000      164.00000

   Energies (kJ/mol)
           Bond            U-B    Proper Dih. Per. Imp. Dih.      CMAP Dih.
    6.25013e+03    2.45499e+04    1.47027e+04    2.34567e+02    6.48078e+00
          LJ-14     Coulomb-14        LJ (SR)  Disper. corr.   Coulomb (SR)
    5.37431e+03   -5.15813e+04    1.42240e+04   -1.48218e+03   -3.35258e+05
   Coul. recip. Position Rest.     Dih. Rest.      Potential    Kinetic En.
    5.95479e+02    7.99192e+00    0.00000e+00   -3.22376e+05    8.00171e+04
   Total Energy  Conserved En.    Temperature Pres. DC (bar) Pressure (bar)
   -2.42358e+05   -2.40837e+05    3.02689e+02   -1.73606e+02   -1.47049e+02
   Constr. rmsd
    3.33760e-06

           Step           Time
          83000      166.00000

   Energies (kJ/mol)
           Bond            U-B    Proper Dih. Per. Imp. Dih.      CMAP Dih.
    5.99078e+03    2.46392e+04    1.46502e+04    2.30918e+02    1.14443e+01
          LJ-14     Coulomb-14        LJ (SR)  Disper. corr.   Coulomb (SR)
    5.33729e+03   -5.16520e+04    1.53034e+04   -1.48220e+03   -3.36049e+05
   Coul. recip. Position Rest.     Dih. Rest.      Potential    Kinetic En.
    5.96162e+02    9.20386e+00    0.00000e+00   -3.22415e+05    8.00690e+04
   Total Energy  Conserved En.    Temperature Pres. DC (bar) Pressure (bar)
   -2.42346e+05   -2.40859e+05    3.02885e+02   -1.73611e+02    1.67577e+02
   Constr. rmsd
    3.37891e-06

           Step           Time
          84000      168.00000

   Energies (kJ/mol)
           Bond            U-B    Proper Dih. Per. Imp. Dih.      CMAP Dih.
    6.27340e+03    2.44463e+04    1.47874e+04    2.86315e+02    1.03947e+01
          LJ-14     Coulomb-14        LJ (SR)  Disper. corr.   Coulomb (SR)
    5.34200e+03   -5.14713e+04    1.37163e+04   -1.47832e+03   -3.33886e+05
   Coul. recip. Position Rest.     Dih. Rest.      Potential    Kinetic En.
    5.48482e+02    1.26684e+01    0.00000e+00   -3.21412e+05    8.19238e+04
   Total Energy  Conserved En.    Temperature Pres. DC (bar) Pressure (bar)
   -2.39488e+05   -2.40950e+05    3.09902e+02   -1.72702e+02   -3.42832e+02
   Constr. rmsd
    3.45445e-06

           Step           Time
          85000      170.00000

   Energies (kJ/mol)
           Bond            U-B    Proper Dih. Per. Imp. Dih.      CMAP Dih.
    6.13391e+03    2.43386e+04    1.47616e+04    2.70167e+02    1.89575e+00
          LJ-14     Coulomb-14        LJ (SR)  Disper. corr.   Coulomb (SR)
    5.44579e+03   -5.17916e+04    1.33285e+04   -1.48365e+03   -3.33738e+05
   Coul. recip. Position Rest.     Dih. Rest.      Potential    Kinetic En.
    5.52186e+02    4.40251e+00    0.00000e+00   -3.22176e+05    8.03204e+04
   Total Energy  Conserved En.    Temperature Pres. DC (bar) Pressure (bar)
   -2.41856e+05   -2.40744e+05    3.03836e+02   -1.73950e+02   -3.77954e+02
   Constr. rmsd
    3.44976e-06

           Step           Time
          86000      172.00000

   Energies (kJ/mol)
           Bond            U-B    Proper Dih. Per. Imp. Dih.      CMAP Dih.
    6.02356e+03    2.45329e+04    1.48706e+04    2.62312e+02    4.66869e+00
          LJ-14     Coulomb-14        LJ (SR)  Disper. corr.   Coulomb (SR)
    5.42954e+03   -5.16747e+04    1.37329e+04   -1.48948e+03   -3.34811e+05
   Coul. recip. Position Rest.     Dih. Rest.      Potential    Kinetic En.
    5.31882e+02    3.57116e+00    0.00000e+00   -3.22583e+05    8.05680e+04
   Total Energy  Conserved En.    Temperature Pres. DC (bar) Pressure (bar)
   -2.42015e+05   -2.40567e+05    3.04773e+02   -1.75320e+02    1.35620e+02
   Constr. rmsd
    3.30185e-06

           Step           Time
          87000      174.00000

   Energies (kJ/mol)
           Bond            U-B    Proper Dih. Per. Imp. Dih.      CMAP Dih.
    6.21011e+03    2.48049e+04    1.46404e+04    2.38831e+02    1.32088e+01
          LJ-14     Coulomb-14        LJ (SR)  Disper. corr.   Coulomb (SR)
    5.35565e+03   -5.16774e+04    1.42362e+04   -1.48648e+03   -3.34681e+05
   Coul. recip. Position Rest.     Dih. Rest.      Potential    Kinetic En.
    5.62043e+02    3.18508e+00    0.00000e+00   -3.21780e+05    8.02532e+04
   Total Energy  Conserved En.    Temperature Pres. DC (bar) Pressure (bar)
   -2.41527e+05   -2.40543e+05    3.03582e+02   -1.74613e+02   -3.22773e+02
   Constr. rmsd
    3.49106e-06

           Step           Time
          88000      176.00000

   Energies (kJ/mol)
           Bond            U-B    Proper Dih. Per. Imp. Dih.      CMAP Dih.
    6.29463e+03    2.48429e+04    1.47037e+04    2.51766e+02    1.31829e+01
          LJ-14     Coulomb-14        LJ (SR)  Disper. corr.   Coulomb (SR)
    5.36047e+03   -5.17344e+04    1.49668e+04   -1.48470e+03   -3.35908e+05
   Coul. recip. Position Rest.     Dih. Rest.      Potential    Kinetic En.
    5.55492e+02    3.43950e+00    0.00000e+00   -3.22134e+05    8.03308e+04
   Total Energy  Conserved En.    Temperature Pres. DC (bar) Pressure (bar)
   -2.41804e+05   -2.40623e+05    3.03876e+02   -1.74196e+02    4.18600e+01
   Constr. rmsd
    3.35187e-06

           Step           Time
          89000      178.00000

   Energies (kJ/mol)
           Bond            U-B    Proper Dih. Per. Imp. Dih.      CMAP Dih.
    6.17509e+03    2.49595e+04    1.46444e+04    2.51798e+02    8.88667e+00
          LJ-14     Coulomb-14        LJ (SR)  Disper. corr.   Coulomb (SR)
    5.45375e+03   -5.16696e+04    1.39027e+04   -1.48316e+03   -3.35335e+05
   Coul. recip. Position Rest.     Dih. Rest.      Potential    Kinetic En.
    5.37983e+02    3.54006e+00    0.00000e+00   -3.22550e+05    7.96629e+04
   Total Energy  Conserved En.    Temperature Pres. DC (bar) Pressure (bar)
   -2.42888e+05   -2.40705e+05    3.01349e+02   -1.73836e+02   -4.98996e+01
   Constr. rmsd
    3.35193e-06

           Step           Time
          90000      180.00000

   Energies (kJ/mol)
           Bond            U-B    Proper Dih. Per. Imp. Dih.      CMAP Dih.
    6.13486e+03    2.43495e+04    1.44912e+04    2.67668e+02    1.59232e+01
          LJ-14     Coulomb-14        LJ (SR)  Disper. corr.   Coulomb (SR)
    5.41683e+03   -5.15919e+04    1.48008e+04   -1.48362e+03   -3.36864e+05
   Coul. recip. Position Rest.     Dih. Rest.      Potential    Kinetic En.
    6.16478e+02    8.79876e+00    0.00000e+00   -3.23838e+05    7.85097e+04
   Total Energy  Conserved En.    Temperature Pres. DC (bar) Pressure (bar)
   -2.45328e+05   -2.40603e+05    2.96987e+02   -1.73942e+02   -3.26772e+02
   Constr. rmsd
    3.36276e-06

           Step           Time
          91000      182.00000

   Energies (kJ/mol)
           Bond            U-B    Proper Dih. Per. Imp. Dih.      CMAP Dih.
    5.99825e+03    2.43809e+04    1.46898e+04    2.58318e+02    8.14318e+00
          LJ-14     Coulomb-14        LJ (SR)  Disper. corr.   Coulomb (SR)
    5.30824e+03   -5.15839e+04    1.45050e+04   -1.48598e+03   -3.35403e+05
   Coul. recip. Position Rest.     Dih. Rest.      Potential    Kinetic En.
    5.75029e+02    6.24975e+00    0.00000e+00   -3.22743e+05    7.95296e+04
   Total Energy  Conserved En.    Temperature Pres. DC (bar) Pressure (bar)
   -2.43213e+05   -2.40615e+05    3.00845e+02   -1.74497e+02   -2.35737e+02
   Constr. rmsd
    3.49948e-06

           Step           Time
          92000      184.00000

   Energies (kJ/mol)
           Bond            U-B    Proper Dih. Per. Imp. Dih.      CMAP Dih.
    6.00014e+03    2.43183e+04    1.46526e+04    2.67914e+02    8.54778e+00
          LJ-14     Coulomb-14        LJ (SR)  Disper. corr.   Coulomb (SR)
    5.44963e+03   -5.15182e+04    1.37418e+04   -1.48403e+03   -3.35017e+05
   Coul. recip. Position Rest.     Dih. Rest.      Potential    Kinetic En.
    6.18308e+02    7.15978e+00    0.00000e+00   -3.22955e+05    8.01163e+04
   Total Energy  Conserved En.    Temperature Pres. DC (bar) Pressure (bar)
   -2.42839e+05   -2.40654e+05    3.03064e+02   -1.74040e+02    1.86674e+02
   Constr. rmsd
    3.48559e-06

           Step           Time
          93000      186.00000

   Energies (kJ/mol)
           Bond            U-B    Proper Dih. Per. Imp. Dih.      CMAP Dih.
    6.10127e+03    2.48930e+04    1.46217e+04    2.86998e+02    1.04989e+01
          LJ-14     Coulomb-14        LJ (SR)  Disper. corr.   Coulomb (SR)
    5.37005e+03   -5.15989e+04    1.49063e+04   -1.48221e+03   -3.35799e+05
   Coul. recip. Position Rest.     Dih. Rest.      Potential    Kinetic En.
    5.60980e+02    7.51739e+00    0.00000e+00   -3.22122e+05    8.10796e+04
   Total Energy  Conserved En.    Temperature Pres. DC (bar) Pressure (bar)
   -2.41042e+05   -2.40693e+05    3.06708e+02   -1.73614e+02   -3.87693e+02
   Constr. rmsd
    3.40175e-06

           Step           Time
          94000      188.00000

   Energies (kJ/mol)
           Bond            U-B    Proper Dih. Per. Imp. Dih.      CMAP Dih.
    6.16738e+03    2.44542e+04    1.45800e+04    2.50360e+02    7.28907e+00
          LJ-14     Coulomb-14        LJ (SR)  Disper. corr.   Coulomb (SR)
    5.31173e+03   -5.14959e+04    1.47221e+04   -1.48489e+03   -3.35514e+05
   Coul. recip. Position Rest.     Dih. Rest.      Potential    Kinetic En.
    5.75841e+02    7.96547e+00    0.00000e+00   -3.22418e+05    8.03548e+04
   Total Energy  Conserved En.    Temperature Pres. DC (bar) Pressure (bar)
   -2.42063e+05   -2.40628e+05    3.03966e+02   -1.74241e+02   -1.11254e+02
   Constr. rmsd
    3.38157e-06

           Step           Time
          95000      190.00000

   Energies (kJ/mol)
           Bond            U-B    Proper Dih. Per. Imp. Dih.      CMAP Dih.
    6.13788e+03    2.47132e+04    1.47873e+04    2.74445e+02    1.24767e+01
          LJ-14     Coulomb-14        LJ (SR)  Disper. corr.   Coulomb (SR)
    5.55679e+03   -5.16035e+04    1.41948e+04   -1.48146e+03   -3.34389e+05
   Coul. recip. Position Rest.     Dih. Rest.      Potential    Kinetic En.
    5.66553e+02    1.04306e+01    0.00000e+00   -3.21220e+05    8.02605e+04
   Total Energy  Conserved En.    Temperature Pres. DC (bar) Pressure (bar)
   -2.40960e+05   -2.40650e+05    3.03610e+02   -1.73436e+02    3.92187e+02
   Constr. rmsd
    3.36823e-06

           Step           Time
          96000      192.00000

   Energies (kJ/mol)
           Bond            U-B    Proper Dih. Per. Imp. Dih.      CMAP Dih.
    6.06852e+03    2.46045e+04    1.47286e+04    2.42308e+02    1.26717e+01
          LJ-14     Coulomb-14        LJ (SR)  Disper. corr.   Coulomb (SR)
    5.26211e+03   -5.15124e+04    1.42969e+04   -1.48155e+03   -3.34513e+05
   Coul. recip. Position Rest.     Dih. Rest.      Potential    Kinetic En.
    6.00941e+02    5.18363e+00    0.00000e+00   -3.21686e+05    8.07054e+04
   Total Energy  Conserved En.    Temperature Pres. DC (bar) Pressure (bar)
   -2.40980e+05   -2.40642e+05    3.05293e+02   -1.73459e+02   -3.52162e+02
   Constr. rmsd
    3.39863e-06

           Step           Time
          97000      194.00000

   Energies (kJ/mol)
           Bond            U-B    Proper Dih. Per. Imp. Dih.      CMAP Dih.
    5.95801e+03    2.48579e+04    1.46600e+04    2.73885e+02    8.17216e+00
          LJ-14     Coulomb-14        LJ (SR)  Disper. corr.   Coulomb (SR)
    5.42284e+03   -5.18130e+04    1.42937e+04   -1.48041e+03   -3.35152e+05
   Coul. recip. Position Rest.     Dih. Rest.      Potential    Kinetic En.
    6.15897e+02    8.01397e+00    0.00000e+00   -3.22347e+05    8.03678e+04
   Total Energy  Conserved En.    Temperature Pres. DC (bar) Pressure (bar)
   -2.41979e+05   -2.40712e+05    3.04016e+02   -1.73190e+02   -1.66976e+02
   Constr. rmsd
    3.39606e-06

           Step           Time
          98000      196.00000

   Energies (kJ/mol)
           Bond            U-B    Proper Dih. Per. Imp. Dih.      CMAP Dih.
    5.96780e+03    2.39206e+04    1.47605e+04    2.63693e+02    9.50521e+00
          LJ-14     Coulomb-14        LJ (SR)  Disper. corr.   Coulomb (SR)
    5.38234e+03   -5.15530e+04    1.51066e+04   -1.48134e+03   -3.35335e+05
   Coul. recip. Position Rest.     Dih. Rest.      Potential    Kinetic En.
    5.92960e+02    1.81032e+01    0.00000e+00   -3.22347e+05    8.07413e+04
   Total Energy  Conserved En.    Temperature Pres. DC (bar) Pressure (bar)
   -2.41606e+05   -2.40710e+05    3.05428e+02   -1.73409e+02    1.17790e+02
   Constr. rmsd
    3.42365e-06

           Step           Time
          99000      198.00000

   Energies (kJ/mol)
           Bond            U-B    Proper Dih. Per. Imp. Dih.      CMAP Dih.
    6.01681e+03    2.50454e+04    1.46554e+04    2.65668e+02    1.31555e+01
          LJ-14     Coulomb-14        LJ (SR)  Disper. corr.   Coulomb (SR)
    5.47451e+03   -5.15994e+04    1.41486e+04   -1.47913e+03   -3.34077e+05
   Coul. recip. Position Rest.     Dih. Rest.      Potential    Kinetic En.
    6.03506e+02    1.56057e+01    0.00000e+00   -3.20917e+05    8.07166e+04
   Total Energy  Conserved En.    Temperature Pres. DC (bar) Pressure (bar)
   -2.40200e+05   -2.40717e+05    3.05335e+02   -1.72891e+02    8.83841e+01
   Constr. rmsd
    3.43495e-06

           Step           Time
         100000      200.00000

   Energies (kJ/mol)
           Bond            U-B    Proper Dih. Per. Imp. Dih.      CMAP Dih.
    6.27405e+03    2.47272e+04    1.46036e+04    2.19566e+02    1.17519e+01
          LJ-14     Coulomb-14        LJ (SR)  Disper. corr.   Coulomb (SR)
    5.43475e+03   -5.18165e+04    1.44480e+04   -1.47896e+03   -3.34279e+05
   Coul. recip. Position Rest.     Dih. Rest.      Potential    Kinetic En.
    5.79549e+02    1.07743e+01    0.00000e+00   -3.21266e+05    8.00463e+04
   Total Energy  Conserved En.    Temperature Pres. DC (bar) Pressure (bar)
   -2.41219e+05   -2.40689e+05    3.02800e+02   -1.72853e+02   -2.42495e+02
   Constr. rmsd
    3.49369e-06

           Step           Time
         101000      202.00000

   Energies (kJ/mol)
           Bond            U-B    Proper Dih. Per. Imp. Dih.      CMAP Dih.
    5.98831e+03    2.47168e+04    1.46665e+04    2.28987e+02    8.73509e+00
          LJ-14     Coulomb-14        LJ (SR)  Disper. corr.   Coulomb (SR)
    5.35730e+03   -5.16157e+04    1.53514e+04   -1.48200e+03   -3.36937e+05
   Coul. recip. Position Rest.     Dih. Rest.      Potential    Kinetic En.
    5.48543e+02    1.31132e+01    0.00000e+00   -3.23155e+05    8.06298e+04
   Total Energy  Conserved En.    Temperature Pres. DC (bar) Pressure (bar)
   -2.42525e+05   -2.40599e+05    3.05007e+02   -1.73564e+02    4.76014e+01
   Constr. rmsd
    3.30350e-06

           Step           Time
         102000      204.00000

   Energies (kJ/mol)
           Bond            U-B    Proper Dih. Per. Imp. Dih.      CMAP Dih.
    6.00263e+03    2.43441e+04    1.46585e+04    2.67337e+02    1.22302e+01
          LJ-14     Coulomb-14        LJ (SR)  Disper. corr.   Coulomb (SR)
    5.35557e+03   -5.15951e+04    1.42548e+04   -1.48245e+03   -3.34993e+05
   Coul. recip. Position Rest.     Dih. Rest.      Potential    Kinetic En.
    5.88883e+02    1.04011e+01    0.00000e+00   -3.22576e+05    7.99619e+04
   Total Energy  Conserved En.    Temperature Pres. DC (bar) Pressure (bar)
   -2.42614e+05   -2.40579e+05    3.02480e+02   -1.73668e+02   -9.23955e+01
   Constr. rmsd
    3.28808e-06

           Step           Time
         103000      206.00000

   Energies (kJ/mol)
           Bond            U-B    Proper Dih. Per. Imp. Dih.      CMAP Dih.
    5.89643e+03    2.44359e+04    1.46178e+04    2.44932e+02    8.31747e+00
          LJ-14     Coulomb-14        LJ (SR)  Disper. corr.   Coulomb (SR)
    5.39834e+03   -5.15371e+04    1.47969e+04   -1.47744e+03   -3.35821e+05
   Coul. recip. Position Rest.     Dih. Rest.      Potential    Kinetic En.
    5.42334e+02    1.21604e+01    0.00000e+00   -3.22882e+05    7.92578e+04
   Total Energy  Conserved En.    Temperature Pres. DC (bar) Pressure (bar)
   -2.43624e+05   -2.40686e+05    2.99817e+02   -1.72498e+02   -2.45671e+02
   Constr. rmsd
    3.27079e-06

           Step           Time
         104000      208.00000

   Energies (kJ/mol)
           Bond            U-B    Proper Dih. Per. Imp. Dih.      CMAP Dih.
    6.07492e+03    2.47042e+04    1.46914e+04    2.75065e+02    9.14776e+00
          LJ-14     Coulomb-14        LJ (SR)  Disper. corr.   Coulomb (SR)
    5.43298e+03   -5.14229e+04    1.52023e+04   -1.47745e+03   -3.35304e+05
   Coul. recip. Position Rest.     Dih. Rest.      Potential    Kinetic En.
    5.62940e+02    4.76320e+00    0.00000e+00   -3.21247e+05    8.02185e+04
   Total Energy  Conserved En.    Temperature Pres. DC (bar) Pressure (bar)
   -2.41028e+05   -2.40676e+05    3.03451e+02   -1.72498e+02   -3.14804e+00
   Constr. rmsd
    3.48714e-06

           Step           Time
         105000      210.00000

   Energies (kJ/mol)
           Bond            U-B    Proper Dih. Per. Imp. Dih.      CMAP Dih.
    6.26226e+03    2.46649e+04    1.47129e+04    2.57262e+02    1.18479e+01
          LJ-14     Coulomb-14        LJ (SR)  Disper. corr.   Coulomb (SR)
    5.46791e+03   -5.17548e+04    1.41519e+04   -1.48282e+03   -3.34735e+05
   Coul. recip. Position Rest.     Dih. Rest.      Potential    Kinetic En.
    5.50128e+02    9.42131e+00    0.00000e+00   -3.21884e+05    8.05832e+04
   Total Energy  Conserved En.    Temperature Pres. DC (bar) Pressure (bar)
   -2.41301e+05   -2.40470e+05    3.04831e+02   -1.73756e+02   -1.45543e+02
   Constr. rmsd
    3.27030e-06

           Step           Time
         106000      212.00000

   Energies (kJ/mol)
           Bond            U-B    Proper Dih. Per. Imp. Dih.      CMAP Dih.
    6.21275e+03    2.45757e+04    1.44183e+04    2.06006e+02    1.11986e+01
          LJ-14     Coulomb-14        LJ (SR)  Disper. corr.   Coulomb (SR)
    5.37860e+03   -5.16012e+04    1.56122e+04   -1.48303e+03   -3.36085e+05
   Coul. recip. Position Rest.     Dih. Rest.      Potential    Kinetic En.
    5.26619e+02    7.15627e+00    0.00000e+00   -3.22220e+05    7.96649e+04
   Total Energy  Conserved En.    Temperature Pres. DC (bar) Pressure (bar)
   -2.42556e+05   -2.40483e+05    3.01357e+02   -1.73806e+02    1.08119e+02
   Constr. rmsd
    3.43546e-06

           Step           Time
         107000      214.00000

   Energies (kJ/mol)
           Bond            U-B    Proper Dih. Per. Imp. Dih.      CMAP Dih.
    5.99303e+03    2.48793e+04    1.47321e+04    2.85054e+02    1.21769e+01
          LJ-14     Coulomb-14        LJ (SR)  Disper. corr.   Coulomb (SR)
    5.40151e+03   -5.14993e+04    1.47665e+04   -1.48246e+03   -3.35632e+05
   Coul. recip. Position Rest.     Dih. Rest.      Potential    Kinetic En.
    5.82063e+02    6.74930e+00    0.00000e+00   -3.21955e+05    7.99214e+04
   Total Energy  Conserved En.    Temperature Pres. DC (bar) Pressure (bar)
   -2.42034e+05   -2.40480e+05    3.02327e+02   -1.73672e+02    2.00725e+02
   Constr. rmsd
    3.35347e-06

           Step           Time
         108000      216.00000

   Energies (kJ/mol)
           Bond            U-B    Proper Dih. Per. Imp. Dih.      CMAP Dih.
    6.05403e+03    2.40965e+04    1.44993e+04    2.48945e+02    1.14215e+01
          LJ-14     Coulomb-14        LJ (SR)  Disper. corr.   Coulomb (SR)
    5.37314e+03   -5.14713e+04    1.43825e+04   -1.47814e+03   -3.35934e+05
   Coul. recip. Position Rest.     Dih. Rest.      Potential    Kinetic En.
    5.71782e+02    4.00717e+00    0.00000e+00   -3.23642e+05    8.04958e+04
   Total Energy  Conserved En.    Temperature Pres. DC (bar) Pressure (bar)
   -2.43146e+05   -2.40668e+05    3.04500e+02   -1.72662e+02   -1.96419e+02
   Constr. rmsd
    3.53432e-06

           Step           Time
         109000      218.00000

   Energies (kJ/mol)
           Bond            U-B    Proper Dih. Per. Imp. Dih.      CMAP Dih.
    6.14440e+03    2.46437e+04    1.44787e+04    2.63499e+02    1.41787e+01
          LJ-14     Coulomb-14        LJ (SR)  Disper. corr.   Coulomb (SR)
    5.35670e+03   -5.15883e+04    1.44079e+04   -1.47526e+03   -3.34666e+05
   Coul. recip. Position Rest.     Dih. Rest.      Potential    Kinetic En.
    5.79440e+02    4.57861e+00    0.00000e+00   -3.21836e+05    8.05026e+04
   Total Energy  Conserved En.    Temperature Pres. DC (bar) Pressure (bar)
   -2.41334e+05   -2.40748e+05    3.04525e+02   -1.71989e+02   -3.85839e+02
   Constr. rmsd
    3.45931e-06

           Step           Time
         110000      220.00000

   Energies (kJ/mol)
           Bond            U-B    Proper Dih. Per. Imp. Dih.      CMAP Dih.
    5.96029e+03    2.44165e+04    1.47844e+04    2.33339e+02    1.69495e+01
          LJ-14     Coulomb-14        LJ (SR)  Disper. corr.   Coulomb (SR)
    5.42201e+03   -5.13469e+04    1.48909e+04   -1.47168e+03   -3.35310e+05
   Coul. recip. Position Rest.     Dih. Rest.      Potential    Kinetic En.
    5.60514e+02    8.27157e+00    0.00000e+00   -3.21835e+05    7.96853e+04
   Total Energy  Conserved En.    Temperature Pres. DC (bar) Pressure (bar)
   -2.42150e+05   -2.40851e+05    3.01434e+02   -1.71154e+02   -1.09100e+02
   Constr. rmsd
    3.40682e-06

           Step           Time
         111000      222.00000

   Energies (kJ/mol)
           Bond            U-B    Proper Dih. Per. Imp. Dih.      CMAP Dih.
    5.96059e+03    2.45795e+04    1.45928e+04    2.21397e+02    9.12189e+00
          LJ-14     Coulomb-14        LJ (SR)  Disper. corr.   Coulomb (SR)
    5.34217e+03   -5.16424e+04    1.47309e+04   -1.47236e+03   -3.34018e+05
   Coul. recip. Position Rest.     Dih. Rest.      Potential    Kinetic En.
    5.80831e+02    5.11791e+00    0.00000e+00   -3.21110e+05    7.98309e+04
   Total Energy  Conserved En.    Temperature Pres. DC (bar) Pressure (bar)
   -2.41279e+05   -2.40801e+05    3.01985e+02   -1.71313e+02    1.10315e+00
   Constr. rmsd
    3.35438e-06

           Step           Time
         112000      224.00000

   Energies (kJ/mol)
           Bond            U-B    Proper Dih. Per. Imp. Dih.      CMAP Dih.
    5.79609e+03    2.45643e+04    1.46469e+04    2.76911e+02    6.19846e+00
          LJ-14     Coulomb-14        LJ (SR)  Disper. corr.   Coulomb (SR)
    5.31463e+03   -5.16442e+04    1.40453e+04   -1.47426e+03   -3.34035e+05
   Coul. recip. Position Rest.     Dih. Rest.      Potential    Kinetic En.
    5.43781e+02    4.98849e+00    0.00000e+00   -3.21955e+05    8.00325e+04
   Total Energy  Conserved En.    Temperature Pres. DC (bar) Pressure (bar)
   -2.41922e+05   -2.40754e+05    3.02747e+02   -1.71756e+02   -1.19184e+02
   Constr. rmsd
    3.41579e-06

           Step           Time
         113000      226.00000

   Energies (kJ/mol)
           Bond            U-B    Proper Dih. Per. Imp. Dih.      CMAP Dih.
    6.05159e+03    2.47661e+04    1.46068e+04    2.59144e+02    6.65570e+00
          LJ-14     Coulomb-14        LJ (SR)  Disper. corr.   Coulomb (SR)
    5.41488e+03   -5.16981e+04    1.50057e+04   -1.47729e+03   -3.34960e+05
   Coul. recip. Position Rest.     Dih. Rest.      Potential    Kinetic En.
    5.47206e+02    7.32649e+00    0.00000e+00   -3.21470e+05    8.10985e+04
   Total Energy  Conserved En.    Temperature Pres. DC (bar) Pressure (bar)
   -2.40372e+05   -2.40627e+05    3.06780e+02   -1.72462e+02    3.17009e+01
   Constr. rmsd
    3.55384e-06

           Step           Time
         114000      228.00000

   Energies (kJ/mol)
           Bond            U-B    Proper Dih. Per. Imp. Dih.      CMAP Dih.
    5.98890e+03    2.46397e+04    1.43830e+04    3.06499e+02    1.85051e+00
          LJ-14     Coulomb-14        LJ (SR)  Disper. corr.   Coulomb (SR)
    5.31757e+03   -5.16217e+04    1.42800e+04   -1.47670e+03   -3.34793e+05
   Coul. recip. Position Rest.     Dih. Rest.      Potential    Kinetic En.
    5.87852e+02    6.64741e+00    0.00000e+00   -3.22380e+05    8.06809e+04
   Total Energy  Conserved En.    Temperature Pres. DC (bar) Pressure (bar)
   -2.41699e+05   -2.40623e+05    3.05200e+02   -1.72324e+02   -4.68689e+01
   Constr. rmsd
    3.42859e-06

           Step           Time
         115000      230.00000

   Energies (kJ/mol)
           Bond            U-B    Proper Dih. Per. Imp. Dih.      CMAP Dih.
    5.99212e+03    2.46568e+04    1.45253e+04    2.70595e+02    7.83945e+00
          LJ-14     Coulomb-14        LJ (SR)  Disper. corr.   Coulomb (SR)
    5.36256e+03   -5.17604e+04    1.43449e+04   -1.47506e+03   -3.34596e+05
   Coul. recip. Position Rest.     Dih. Rest.      Potential    Kinetic En.
    5.49126e+02    5.75612e+00    0.00000e+00   -3.22117e+05    8.05840e+04
   Total Energy  Conserved En.    Temperature Pres. DC (bar) Pressure (bar)
   -2.41533e+05   -2.40691e+05    3.04834e+02   -1.71942e+02   -8.19052e+01
   Constr. rmsd
    3.39215e-06

           Step           Time
         116000      232.00000

   Energies (kJ/mol)
           Bond            U-B    Proper Dih. Per. Imp. Dih.      CMAP Dih.
    5.96550e+03    2.43734e+04    1.46093e+04    3.17856e+02    6.43049e+00
          LJ-14     Coulomb-14        LJ (SR)  Disper. corr.   Coulomb (SR)
    5.40644e+03   -5.16112e+04    1.48392e+04   -1.47209e+03   -3.34952e+05
   Coul. recip. Position Rest.     Dih. Rest.      Potential    Kinetic En.
    5.42078e+02    8.21268e+00    0.00000e+00   -3.21967e+05    7.95518e+04
   Total Energy  Conserved En.    Temperature Pres. DC (bar) Pressure (bar)
   -2.42415e+05   -2.40769e+05    3.00929e+02   -1.71251e+02   -1.33987e+01
   Constr. rmsd
    3.42273e-06

           Step           Time
         117000      234.00000

   Energies (kJ/mol)
           Bond            U-B    Proper Dih. Per. Imp. Dih.      CMAP Dih.
    6.17366e+03    2.44304e+04    1.43045e+04    2.30697e+02    1.13374e+01
          LJ-14     Coulomb-14        LJ (SR)  Disper. corr.   Coulomb (SR)
    5.39978e+03   -5.15892e+04    1.52712e+04   -1.47264e+03   -3.35089e+05
   Coul. recip. Position Rest.     Dih. Rest.      Potential    Kinetic En.
    5.63558e+02    1.01208e+01    0.00000e+00   -3.21756e+05    8.00862e+04
   Total Energy  Conserved En.    Temperature Pres. DC (bar) Pressure (bar)
   -2.41670e+05   -2.40693e+05    3.02950e+02   -1.71378e+02   -6.04295e+01
   Constr. rmsd
    3.45079e-06

           Step           Time
         118000      236.00000

   Energies (kJ/mol)
           Bond            U-B    Proper Dih. Per. Imp. Dih.      CMAP Dih.
    6.10453e+03    2.46164e+04    1.45665e+04    2.78667e+02    6.85498e+00
          LJ-14     Coulomb-14        LJ (SR)  Disper. corr.   Coulomb (SR)
    5.20067e+03   -5.16281e+04    1.44515e+04   -1.47576e+03   -3.35131e+05
   Coul. recip. Position Rest.     Dih. Rest.      Potential    Kinetic En.
    5.77702e+02    7.13705e+00    0.00000e+00   -3.22425e+05    7.97961e+04
   Total Energy  Conserved En.    Temperature Pres. DC (bar) Pressure (bar)
   -2.42629e+05   -2.40620e+05    3.01853e+02   -1.72105e+02   -4.59981e+02
   Constr. rmsd
    3.33487e-06

           Step           Time
         119000      238.00000

   Energies (kJ/mol)
           Bond            U-B    Proper Dih. Per. Imp. Dih.      CMAP Dih.
    5.93788e+03    2.45976e+04    1.46862e+04    2.52116e+02    1.16764e+01
          LJ-14     Coulomb-14        LJ (SR)  Disper. corr.   Coulomb (SR)
    5.49909e+03   -5.17663e+04    1.46113e+04   -1.48123e+03   -3.35534e+05
   Coul. recip. Position Rest.     Dih. Rest.      Potential    Kinetic En.
    5.60001e+02    4.25859e+00    0.00000e+00   -3.22621e+05    7.94028e+04
   Total Energy  Conserved En.    Temperature Pres. DC (bar) Pressure (bar)
   -2.43218e+05   -2.40360e+05    3.00365e+02   -1.73384e+02    1.40232e+02
   Constr. rmsd
    3.27783e-06

           Step           Time
         120000      240.00000

   Energies (kJ/mol)
           Bond            U-B    Proper Dih. Per. Imp. Dih.      CMAP Dih.
    6.05639e+03    2.45830e+04    1.47392e+04    2.62219e+02    1.30367e+01
          LJ-14     Coulomb-14        LJ (SR)  Disper. corr.   Coulomb (SR)
    5.45563e+03   -5.17609e+04    1.49121e+04   -1.48073e+03   -3.36299e+05
   Coul. recip. Position Rest.     Dih. Rest.      Potential    Kinetic En.
    5.61664e+02    9.42445e+00    0.00000e+00   -3.22948e+05    8.05709e+04
   Total Energy  Conserved En.    Temperature Pres. DC (bar) Pressure (bar)
   -2.42377e+05   -2.40433e+05    3.04784e+02   -1.73265e+02    2.83209e+02
   Constr. rmsd
    3.38921e-06

           Step           Time
         121000      242.00000

   Energies (kJ/mol)
           Bond            U-B    Proper Dih. Per. Imp. Dih.      CMAP Dih.
    5.98821e+03    2.46935e+04    1.47220e+04    2.59782e+02    8.83915e+00
          LJ-14     Coulomb-14        LJ (SR)  Disper. corr.   Coulomb (SR)
    5.51546e+03   -5.16587e+04    1.47312e+04   -1.48127e+03   -3.35779e+05
   Coul. recip. Position Rest.     Dih. Rest.      Potential    Kinetic En.
    5.36561e+02    9.87758e+00    0.00000e+00   -3.22454e+05    8.07300e+04
   Total Energy  Conserved En.    Temperature Pres. DC (bar) Pressure (bar)
   -2.41724e+05   -2.40372e+05    3.05386e+02   -1.73393e+02    3.11030e+02
   Constr. rmsd
    3.51868e-06

           Step           Time
         122000      244.00000

   Energies (kJ/mol)
           Bond            U-B    Proper Dih. Per. Imp. Dih.      CMAP Dih.
    6.05300e+03    2.48563e+04    1.45641e+04    2.66003e+02    1.14256e+01
          LJ-14     Coulomb-14        LJ (SR)  Disper. corr.   Coulomb (SR)
    5.37414e+03   -5.16915e+04    1.47137e+04   -1.47779e+03   -3.35889e+05
   Coul. recip. Position Rest.     Dih. Rest.      Potential    Kinetic En.
    5.75941e+02    8.05064e+00    0.00000e+00   -3.22635e+05    8.04511e+04
   Total Energy  Conserved En.    Temperature Pres. DC (bar) Pressure (bar)
   -2.42184e+05   -2.40480e+05    3.04331e+02   -1.72579e+02    7.86922e+01
   Constr. rmsd
    3.35169e-06

           Step           Time
         123000      246.00000

   Energies (kJ/mol)
           Bond            U-B    Proper Dih. Per. Imp. Dih.      CMAP Dih.
    6.04060e+03    2.45131e+04    1.44579e+04    3.20932e+02    1.04114e+01
          LJ-14     Coulomb-14        LJ (SR)  Disper. corr.   Coulomb (SR)
    5.39363e+03   -5.16386e+04    1.48539e+04   -1.48023e+03   -3.35924e+05
   Coul. recip. Position Rest.     Dih. Rest.      Potential    Kinetic En.
    6.11991e+02    9.79306e+00    0.00000e+00   -3.22830e+05    8.04710e+04
   Total Energy  Conserved En.    Temperature Pres. DC (bar) Pressure (bar)
   -2.42359e+05   -2.40396e+05    3.04406e+02   -1.73148e+02    3.65619e+01
   Constr. rmsd
    3.26773e-06

           Step           Time
         124000      248.00000

   Energies (kJ/mol)
           Bond            U-B    Proper Dih. Per. Imp. Dih.      CMAP Dih.
    5.93488e+03    2.43467e+04    1.45857e+04    2.31643e+02    1.07937e+01
          LJ-14     Coulomb-14        LJ (SR)  Disper. corr.   Coulomb (SR)
    5.61105e+03   -5.16845e+04    1.45926e+04   -1.48112e+03   -3.35606e+05
   Coul. recip. Position Rest.     Dih. Rest.      Potential    Kinetic En.
    6.02319e+02    8.20323e+00    0.00000e+00   -3.22848e+05    7.99414e+04
   Total Energy  Conserved En.    Temperature Pres. DC (bar) Pressure (bar)
   -2.42907e+05   -2.40344e+05    3.02403e+02   -1.73358e+02    3.27773e+02
   Constr. rmsd
    3.33237e-06

           Step           Time
         125000      250.00000

   Energies (kJ/mol)
           Bond            U-B    Proper Dih. Per. Imp. Dih.      CMAP Dih.
    6.02928e+03    2.45809e+04    1.47667e+04    2.87856e+02    1.12307e+01
          LJ-14     Coulomb-14        LJ (SR)  Disper. corr.   Coulomb (SR)
    5.41368e+03   -5.15264e+04    1.45910e+04   -1.47708e+03   -3.36097e+05
   Coul. recip. Position Rest.     Dih. Rest.      Potential    Kinetic En.
    4.97074e+02    6.84009e+00    0.00000e+00   -3.22916e+05    7.89896e+04
   Total Energy  Conserved En.    Temperature Pres. DC (bar) Pressure (bar)
   -2.43926e+05   -2.40456e+05    2.98802e+02   -1.72412e+02   -7.04165e+01
   Constr. rmsd
    3.43435e-06

           Step           Time
         126000      252.00000

   Energies (kJ/mol)
           Bond            U-B    Proper Dih. Per. Imp. Dih.      CMAP Dih.
    5.99232e+03    2.43614e+04    1.47126e+04    2.48970e+02    6.89093e+00
          LJ-14     Coulomb-14        LJ (SR)  Disper. corr.   Coulomb (SR)
    5.49837e+03   -5.14054e+04    1.47729e+04   -1.47924e+03   -3.36328e+05
   Coul. recip. Position Rest.     Dih. Rest.      Potential    Kinetic En.
    5.25643e+02    9.06377e+00    0.00000e+00   -3.23084e+05    8.12553e+04
   Total Energy  Conserved En.    Temperature Pres. DC (bar) Pressure (bar)
   -2.41829e+05   -2.40444e+05    3.07373e+02   -1.72918e+02    2.25296e+01
   Constr. rmsd
    3.53102e-06

           Step           Time
         127000      254.00000

   Energies (kJ/mol)
           Bond            U-B    Proper Dih. Per. Imp. Dih.      CMAP Dih.
    5.99679e+03    2.50025e+04    1.45734e+04    3.13484e+02    1.34394e+01
          LJ-14     Coulomb-14        LJ (SR)  Disper. corr.   Coulomb (SR)
    5.57165e+03   -5.15874e+04    1.39574e+04   -1.47891e+03   -3.33779e+05
   Coul. recip. Position Rest.     Dih. Rest.      Potential    Kinetic En.
    5.87277e+02    7.05506e+00    0.00000e+00   -3.20823e+05    8.05901e+04
   Total Energy  Conserved En.    Temperature Pres. DC (bar) Pressure (bar)
   -2.40233e+05   -2.40368e+05    3.04856e+02   -1.72841e+02    1.42632e+02
   Constr. rmsd
    3.27306e-06

           Step           Time
         128000      256.00000

   Energies (kJ/mol)
           Bond            U-B    Proper Dih. Per. Imp. Dih.      CMAP Dih.
    6.22250e+03    2.46022e+04    1.47078e+04    2.55417e+02    1.06453e+01
          LJ-14     Coulomb-14        LJ (SR)  Disper. corr.   Coulomb (SR)
    5.42702e+03   -5.16484e+04    1.48694e+04   -1.47067e+03   -3.33592e+05
   Coul. recip. Position Rest.     Dih. Rest.      Potential    Kinetic En.
    5.65408e+02    8.78521e+00    0.00000e+00   -3.20042e+05    8.04444e+04
   Total Energy  Conserved En.    Temperature Pres. DC (bar) Pressure (bar)
   -2.39597e+05   -2.40709e+05    3.04305e+02   -1.70920e+02    1.97368e+01
   Constr. rmsd
    3.43534e-06

           Step           Time
         129000      258.00000

   Energies (kJ/mol)
           Bond            U-B    Proper Dih. Per. Imp. Dih.      CMAP Dih.
    6.06665e+03    2.48253e+04    1.45758e+04    2.37532e+02    1.16125e+01
          LJ-14     Coulomb-14        LJ (SR)  Disper. corr.   Coulomb (SR)
    5.39892e+03   -5.16924e+04    1.37641e+04   -1.47659e+03   -3.33076e+05
   Coul. recip. Position Rest.     Dih. Rest.      Potential    Kinetic En.
    5.55028e+02    7.65826e+00    0.00000e+00   -3.20802e+05    8.01303e+04
   Total Energy  Conserved En.    Temperature Pres. DC (bar) Pressure (bar)
   -2.40672e+05   -2.40416e+05    3.03117e+02   -1.72299e+02    1.21251e+02
   Constr. rmsd
    3.42790e-06

           Step           Time
         130000      260.00000

   Energies (kJ/mol)
           Bond            U-B    Proper Dih. Per. Imp. Dih.      CMAP Dih.
    6.26339e+03    2.44540e+04    1.45367e+04    2.74410e+02    8.23690e+00
          LJ-14     Coulomb-14        LJ (SR)  Disper. corr.   Coulomb (SR)
    5.33621e+03   -5.17276e+04    1.41288e+04   -1.47112e+03   -3.33918e+05
   Coul. recip. Position Rest.     Dih. Rest.      Potential    Kinetic En.
    5.15318e+02    7.41387e+00    0.00000e+00   -3.21592e+05    8.08581e+04
   Total Energy  Conserved En.    Temperature Pres. DC (bar) Pressure (bar)
   -2.40734e+05   -2.40674e+05    3.05870e+02   -1.71024e+02   -4.17987e+02
   Constr. rmsd
    3.40052e-06

           Step           Time
         131000      262.00000

   Energies (kJ/mol)
           Bond            U-B    Proper Dih. Per. Imp. Dih.      CMAP Dih.
    6.21483e+03    2.47579e+04    1.46209e+04    2.97589e+02    1.46385e+01
          LJ-14     Coulomb-14        LJ (SR)  Disper. corr.   Coulomb (SR)
    5.36038e+03   -5.18216e+04    1.43940e+04   -1.47484e+03   -3.34451e+05
   Coul. recip. Position Rest.     Dih. Rest.      Potential    Kinetic En.
    5.59578e+02    5.15983e+00    0.00000e+00   -3.21523e+05    7.94643e+04
   Total Energy  Conserved En.    Temperature Pres. DC (bar) Pressure (bar)
   -2.42059e+05   -2.40444e+05    3.00598e+02   -1.71890e+02   -2.57520e+02
   Constr. rmsd
    3.30345e-06

           Step           Time
         132000      264.00000

   Energies (kJ/mol)
           Bond            U-B    Proper Dih. Per. Imp. Dih.      CMAP Dih.
    6.12816e+03    2.45256e+04    1.44888e+04    2.53974e+02    1.23859e+01
          LJ-14     Coulomb-14        LJ (SR)  Disper. corr.   Coulomb (SR)
    5.32834e+03   -5.15730e+04    1.50993e+04   -1.47829e+03   -3.35769e+05
   Coul. recip. Position Rest.     Dih. Rest.      Potential    Kinetic En.
    5.64221e+02    7.76335e+00    0.00000e+00   -3.22412e+05    8.04954e+04
   Total Energy  Conserved En.    Temperature Pres. DC (bar) Pressure (bar)
   -2.41916e+05   -2.40391e+05    3.04498e+02   -1.72695e+02    5.30614e+01
   Constr. rmsd
    3.49180e-06

           Step           Time
         133000      266.00000

   Energies (kJ/mol)
           Bond            U-B    Proper Dih. Per. Imp. Dih.      CMAP Dih.
    6.21914e+03    2.44776e+04    1.46726e+04    2.68563e+02    8.15200e+00
          LJ-14     Coulomb-14        LJ (SR)  Disper. corr.   Coulomb (SR)
    5.37114e+03   -5.15478e+04    1.44507e+04   -1.48068e+03   -3.36033e+05
   Coul. recip. Position Rest.     Dih. Rest.      Potential    Kinetic En.
    5.66487e+02    7.46549e+00    0.00000e+00   -3.23020e+05    8.02964e+04
   Total Energy  Conserved En.    Temperature Pres. DC (bar) Pressure (bar)
   -2.42723e+05   -2.40236e+05    3.03745e+02   -1.73254e+02   -8.43668e+01
   Constr. rmsd
    3.44266e-06

           Step           Time
         134000      268.00000

   Energies (kJ/mol)
           Bond            U-B    Proper Dih. Per. Imp. Dih.      CMAP Dih.
    6.12092e+03    2.45268e+04    1.45997e+04    2.45605e+02    1.09506e+01
          LJ-14     Coulomb-14        LJ (SR)  Disper. corr.   Coulomb (SR)
    5.46973e+03   -5.15991e+04    1.45540e+04   -1.47789e+03   -3.35329e+05
   Coul. recip. Position Rest.     Dih. Rest.      Potential    Kinetic En.
    6.05385e+02    7.45523e+00    0.00000e+00   -3.22265e+05    8.01125e+04
   Total Energy  Conserved En.    Temperature Pres. DC (bar) Pressure (bar)
   -2.42153e+05   -2.40359e+05    3.03050e+02   -1.72602e+02   -9.50758e+01
   Constr. rmsd
    3.33527e-06

           Step           Time
         135000      270.00000

   Energies (kJ/mol)
           Bond            U-B    Proper Dih. Per. Imp. Dih.      CMAP Dih.
    5.88670e+03    2.44680e+04    1.43894e+04    2.53578e+02    1.25505e+01
          LJ-14     Coulomb-14        LJ (SR)  Disper. corr.   Coulomb (SR)
    5.27403e+03   -5.16692e+04    1.42377e+04   -1.47550e+03   -3.34690e+05
   Coul. recip. Position Rest.     Dih. Rest.      Potential    Kinetic En.
    5.93907e+02    6.51189e+00    0.00000e+00   -3.22712e+05    8.06425e+04
   Total Energy  Conserved En.    Temperature Pres. DC (bar) Pressure (bar)
   -2.42070e+05   -2.40427e+05    3.05055e+02   -1.72045e+02   -2.33914e+02
   Constr. rmsd
    3.46133e-06

           Step           Time
         136000      272.00000

   Energies (kJ/mol)
           Bond            U-B    Proper Dih. Per. Imp. Dih.      CMAP Dih.
    6.18612e+03    2.48123e+04    1.43620e+04    2.68684e+02    4.75484e+00
          LJ-14     Coulomb-14        LJ (SR)  Disper. corr.   Coulomb (SR)
    5.40593e+03   -5.13337e+04    1.47288e+04   -1.47951e+03   -3.35787e+05
   Coul. recip. Position Rest.     Dih. Rest.      Potential    Kinetic En.
    5.83482e+02    8.47680e+00    0.00000e+00   -3.22240e+05    8.00940e+04
   Total Energy  Conserved En.    Temperature Pres. DC (bar) Pressure (bar)
   -2.42146e+05   -2.40265e+05    3.02980e+02   -1.72981e+02    6.97842e+01
   Constr. rmsd
    3.34232e-06

           Step           Time
         137000      274.00000

   Energies (kJ/mol)
           Bond            U-B    Proper Dih. Per. Imp. Dih.      CMAP Dih.
    6.02563e+03    2.48276e+04    1.46078e+04    2.67105e+02    1.06407e+01
          LJ-14     Coulomb-14        LJ (SR)  Disper. corr.   Coulomb (SR)
    5.37247e+03   -5.16643e+04    1.43324e+04   -1.48073e+03   -3.34685e+05
   Coul. recip. Position Rest.     Dih. Rest.      Potential    Kinetic En.
    6.09698e+02    4.64718e+00    0.00000e+00   -3.21772e+05    7.96129e+04
   Total Energy  Conserved En.    Temperature Pres. DC (bar) Pressure (bar)
   -2.42159e+05   -2.40157e+05    3.01160e+02   -1.73266e+02    9.17217e+01
   Constr. rmsd
    3.33082e-06

           Step           Time
         138000      276.00000

   Energies (kJ/mol)
           Bond            U-B    Proper Dih. Per. Imp. Dih.      CMAP Dih.
    6.09773e+03    2.47456e+04    1.45581e+04    2.89892e+02    9.14672e+00
          LJ-14     Coulomb-14        LJ (SR)  Disper. corr.   Coulomb (SR)
    5.43466e+03   -5.15392e+04    1.51545e+04   -1.48077e+03   -3.35635e+05
   Coul. recip. Position Rest.     Dih. Rest.      Potential    Kinetic En.
    5.72072e+02    4.02244e+00    0.00000e+00   -3.21789e+05    8.01639e+04
   Total Energy  Conserved En.    Temperature Pres. DC (bar) Pressure (bar)
   -2.41625e+05   -2.40142e+05    3.03244e+02   -1.73276e+02    5.66138e+01
   Constr. rmsd
    3.28991e-06

           Step           Time
         139000      278.00000

   Energies (kJ/mol)
           Bond            U-B    Proper Dih. Per. Imp. Dih.      CMAP Dih.
    6.33602e+03    2.45617e+04    1.46397e+04    2.76652e+02    1.08491e+01
          LJ-14     Coulomb-14        LJ (SR)  Disper. corr.   Coulomb (SR)
    5.40609e+03   -5.16718e+04    1.45840e+04   -1.48138e+03   -3.35128e+05
   Coul. recip. Position Rest.     Dih. Rest.      Potential    Kinetic En.
    5.68375e+02    7.36586e+00    0.00000e+00   -3.21890e+05    8.06459e+04
   Total Energy  Conserved En.    Temperature Pres. DC (bar) Pressure (bar)
   -2.41244e+05   -2.40114e+05    3.05068e+02   -1.73418e+02   -2.10270e+02
   Constr. rmsd
    3.27318e-06

           Step           Time
         140000      280.00000

   Energies (kJ/mol)
           Bond            U-B    Proper Dih. Per. Imp. Dih.      CMAP Dih.
    6.18771e+03    2.46676e+04    1.46166e+04    2.69189e+02    1.41768e+01
          LJ-14     Coulomb-14        LJ (SR)  Disper. corr.   Coulomb (SR)
    5.32918e+03   -5.15186e+04    1.49569e+04   -1.48010e+03   -3.35967e+05
   Coul. recip. Position Rest.     Dih. Rest.      Potential    Kinetic En.
    5.54491e+02    7.19204e+00    0.00000e+00   -3.22363e+05    8.00177e+04
   Total Energy  Conserved En.    Temperature Pres. DC (bar) Pressure (bar)
   -2.42345e+05   -2.40140e+05    3.02691e+02   -1.73118e+02    2.35291e+01
   Constr. rmsd
    3.37414e-06

           Step           Time
         141000      282.00000

   Energies (kJ/mol)
           Bond            U-B    Proper Dih. Per. Imp. Dih.      CMAP Dih.
    6.28814e+03    2.47581e+04    1.45817e+04    2.70954e+02    9.52294e+00
          LJ-14     Coulomb-14        LJ (SR)  Disper. corr.   Coulomb (SR)
    5.41517e+03   -5.16238e+04    1.48878e+04   -1.48111e+03   -3.35637e+05
   Coul. recip. Position Rest.     Dih. Rest.      Potential    Kinetic En.
    5.53783e+02    3.20489e+00    0.00000e+00   -3.21974e+05    8.03507e+04
   Total Energy  Conserved En.    Temperature Pres. DC (bar) Pressure (bar)
   -2.41623e+05   -2.40081e+05    3.03951e+02   -1.73355e+02    6.16644e+01
   Constr. rmsd
    3.23387e-06

           Step           Time
         142000      284.00000

   Energies (kJ/mol)
           Bond            U-B    Proper Dih. Per. Imp. Dih.      CMAP Dih.
    6.04765e+03    2.44064e+04    1.45470e+04    2.24194e+02    6.17960e+00
          LJ-14     Coulomb-14        LJ (SR)  Disper. corr.   Coulomb (SR)
    5.39495e+03   -5.15421e+04    1.47358e+04   -1.48434e+03   -3.35546e+05
   Coul. recip. Position Rest.     Dih. Rest.      Potential    Kinetic En.
    5.78108e+02    9.52408e+00    0.00000e+00   -3.22622e+05    8.00940e+04
   Total Energy  Conserved En.    Temperature Pres. DC (bar) Pressure (bar)
   -2.42528e+05   -2.39988e+05    3.02980e+02   -1.74111e+02   -1.44086e+02
   Constr. rmsd
    3.31096e-06

           Step           Time
         143000      286.00000

   Energies (kJ/mol)
           Bond            U-B    Proper Dih. Per. Imp. Dih.      CMAP Dih.
    6.07726e+03    2.45177e+04    1.48214e+04    2.79082e+02    9.53181e+00
          LJ-14     Coulomb-14        LJ (SR)  Disper. corr.   Coulomb (SR)
    5.31354e+03   -5.14568e+04    1.53086e+04   -1.48053e+03   -3.36303e+05
   Coul. recip. Position Rest.     Dih. Rest.      Potential    Kinetic En.
    5.54016e+02    8.99807e+00    0.00000e+00   -3.22350e+05    8.02969e+04
   Total Energy  Conserved En.    Temperature Pres. DC (bar) Pressure (bar)
   -2.42053e+05   -2.40115e+05    3.03747e+02   -1.73219e+02   -2.30805e+02
   Constr. rmsd
    3.33438e-06

           Step           Time
         144000      288.00000

   Energies (kJ/mol)
           Bond            U-B    Proper Dih. Per. Imp. Dih.      CMAP Dih.
    5.89121e+03    2.48987e+04    1.47522e+04    2.62033e+02    1.15259e+01
          LJ-14     Coulomb-14        LJ (SR)  Disper. corr.   Coulomb (SR)
    5.32930e+03   -5.13284e+04    1.43256e+04   -1.47718e+03   -3.34774e+05
   Coul. recip. Position Rest.     Dih. Rest.      Potential    Kinetic En.
    5.45694e+02    1.10888e+01    0.00000e+00   -3.21552e+05    8.02428e+04
   Total Energy  Conserved En.    Temperature Pres. DC (bar) Pressure (bar)
   -2.41309e+05   -2.40184e+05    3.03543e+02   -1.72437e+02   -3.44168e+02
   Constr. rmsd
    3.40796e-06

           Step           Time
         145000      290.00000

   Energies (kJ/mol)
           Bond            U-B    Proper Dih. Per. Imp. Dih.      CMAP Dih.
    6.20698e+03    2.47109e+04    1.48093e+04    2.59356e+02    1.21462e+01
          LJ-14     Coulomb-14        LJ (SR)  Disper. corr.   Coulomb (SR)
    5.43304e+03   -5.14821e+04    1.42804e+04   -1.47907e+03   -3.34458e+05
   Coul. recip. Position Rest.     Dih. Rest.      Potential    Kinetic En.
    5.74667e+02    1.00348e+01    0.00000e+00   -3.21123e+05    8.03769e+04
   Total Energy  Conserved En.    Temperature Pres. DC (bar) Pressure (bar)
   -2.40746e+05   -2.40118e+05    3.04050e+02   -1.72878e+02    8.00207e+01
   Constr. rmsd
    3.37735e-06

           Step           Time
         146000      292.00000

   Energies (kJ/mol)
           Bond            U-B    Proper Dih. Per. Imp. Dih.      CMAP Dih.
    6.06714e+03    2.45749e+04    1.48618e+04    2.79230e+02    1.07273e+01
          LJ-14     Coulomb-14        LJ (SR)  Disper. corr.   Coulomb (SR)
    5.43709e+03   -5.15999e+04    1.50546e+04   -1.47991e+03   -3.36003e+05
   Coul. recip. Position Rest.     Dih. Rest.      Potential    Kinetic En.
    5.90128e+02    8.86192e+00    0.00000e+00   -3.22198e+05    8.01533e+04
   Total Energy  Conserved En.    Temperature Pres. DC (bar) Pressure (bar)
   -2.42045e+05   -2.40113e+05    3.03204e+02   -1.73074e+02    3.45014e+01
   Constr. rmsd
    3.45534e-06

           Step           Time
         147000      294.00000

   Energies (kJ/mol)
           Bond            U-B    Proper Dih. Per. Imp. Dih.      CMAP Dih.
    6.02384e+03    2.44032e+04    1.48515e+04    2.87221e+02    9.69880e+00
          LJ-14     Coulomb-14        LJ (SR)  Disper. corr.   Coulomb (SR)
    5.39128e+03   -5.14316e+04    1.41105e+04   -1.47902e+03   -3.35171e+05
   Coul. recip. Position Rest.     Dih. Rest.      Potential    Kinetic En.
    5.49284e+02    1.19600e+01    0.00000e+00   -3.22444e+05    7.90817e+04
   Total Energy  Conserved En.    Temperature Pres. DC (bar) Pressure (bar)
   -2.43362e+05   -2.40084e+05    2.99151e+02   -1.72865e+02   -2.67730e+02
   Constr. rmsd
    3.42360e-06

           Step           Time
         148000      296.00000

   Energies (kJ/mol)
           Bond            U-B    Proper Dih. Per. Imp. Dih.      CMAP Dih.
    6.09328e+03    2.43917e+04    1.48098e+04    2.25767e+02    1.24601e+01
          LJ-14     Coulomb-14        LJ (SR)  Disper. corr.   Coulomb (SR)
    5.38153e+03   -5.15547e+04    1.53999e+04   -1.48441e+03   -3.36981e+05
   Coul. recip. Position Rest.     Dih. Rest.      Potential    Kinetic En.
    5.72366e+02    1.84073e+01    0.00000e+00   -3.23114e+05    7.97393e+04
   Total Energy  Conserved En.    Temperature Pres. DC (bar) Pressure (bar)
   -2.43375e+05   -2.39910e+05    3.01638e+02   -1.74128e+02   -1.15283e+02
   Constr. rmsd
    3.44583e-06

           Step           Time
         149000      298.00000

   Energies (kJ/mol)
           Bond            U-B    Proper Dih. Per. Imp. Dih.      CMAP Dih.
    5.77783e+03    2.43975e+04    1.47104e+04    2.34601e+02    1.15327e+01
          LJ-14     Coulomb-14        LJ (SR)  Disper. corr.   Coulomb (SR)
    5.31196e+03   -5.15580e+04    1.47003e+04   -1.48323e+03   -3.35308e+05
   Coul. recip. Position Rest.     Dih. Rest.      Potential    Kinetic En.
    5.66397e+02    1.22349e+01    0.00000e+00   -3.22627e+05    7.99700e+04
   Total Energy  Conserved En.    Temperature Pres. DC (bar) Pressure (bar)
   -2.42657e+05   -2.39977e+05    3.02511e+02   -1.73852e+02    4.87224e+01
   Constr. rmsd
    3.44186e-06

           Step           Time
         150000      300.00000

   Energies (kJ/mol)
           Bond            U-B    Proper Dih. Per. Imp. Dih.      CMAP Dih.
    6.13961e+03    2.46297e+04    1.48368e+04    3.00467e+02    1.28187e+01
          LJ-14     Coulomb-14        LJ (SR)  Disper. corr.   Coulomb (SR)
    5.38995e+03   -5.15613e+04    1.48102e+04   -1.48433e+03   -3.36145e+05
   Coul. recip. Position Rest.     Dih. Rest.      Potential    Kinetic En.
    5.59325e+02    1.06839e+01    0.00000e+00   -3.22501e+05    7.94153e+04
   Total Energy  Conserved En.    Temperature Pres. DC (bar) Pressure (bar)
   -2.43086e+05   -2.39847e+05    3.00413e+02   -1.74111e+02    1.16059e+02
   Constr. rmsd
    3.28477e-06

           Step           Time
         151000      302.00000

   Energies (kJ/mol)
           Bond            U-B    Proper Dih. Per. Imp. Dih.      CMAP Dih.
    5.98129e+03    2.45107e+04    1.47088e+04    2.64775e+02    1.06686e+01
          LJ-14     Coulomb-14        LJ (SR)  Disper. corr.   Coulomb (SR)
    5.59328e+03   -5.14500e+04    1.40576e+04   -1.48463e+03   -3.35650e+05
   Coul. recip. Position Rest.     Dih. Rest.      Potential    Kinetic En.
    5.20798e+02    1.63974e+01    0.00000e+00   -3.22920e+05    7.99368e+04
   Total Energy  Conserved En.    Temperature Pres. DC (bar) Pressure (bar)
   -2.42983e+05   -2.39844e+05    3.02385e+02   -1.74181e+02   -1.98905e+02
   Constr. rmsd
    3.33190e-06

           Step           Time
         152000      304.00000

   Energies (kJ/mol)
           Bond            U-B    Proper Dih. Per. Imp. Dih.      CMAP Dih.
    5.96862e+03    2.46119e+04    1.48861e+04    2.60577e+02    1.38047e+01
          LJ-14     Coulomb-14        LJ (SR)  Disper. corr.   Coulomb (SR)
    5.46831e+03   -5.16194e+04    1.46804e+04   -1.48564e+03   -3.36254e+05
   Coul. recip. Position Rest.     Dih. Rest.      Potential    Kinetic En.
    5.84165e+02    1.13343e+01    0.00000e+00   -3.22874e+05    8.01541e+04
   Total Energy  Conserved En.    Temperature Pres. DC (bar) Pressure (bar)
   -2.42720e+05   -2.39809e+05    3.03207e+02   -1.74418e+02    2.67136e+02
   Constr. rmsd
    3.21917e-06

           Step           Time
         153000      306.00000

   Energies (kJ/mol)
           Bond            U-B    Proper Dih. Per. Imp. Dih.      CMAP Dih.
    6.16771e+03    2.43021e+04    1.47041e+04    2.68945e+02    1.21634e+01
          LJ-14     Coulomb-14        LJ (SR)  Disper. corr.   Coulomb (SR)
    5.43097e+03   -5.16814e+04    1.40175e+04   -1.48256e+03   -3.34944e+05
   Coul. recip. Position Rest.     Dih. Rest.      Potential    Kinetic En.
    5.29788e+02    7.32355e+00    0.00000e+00   -3.22667e+05    8.03161e+04
   Total Energy  Conserved En.    Temperature Pres. DC (bar) Pressure (bar)
   -2.42351e+05   -2.39938e+05    3.03820e+02   -1.73694e+02   -1.50878e+02
   Constr. rmsd
    3.49061e-06

           Step           Time
         154000      308.00000

   Energies (kJ/mol)
           Bond            U-B    Proper Dih. Per. Imp. Dih.      CMAP Dih.
    5.97317e+03    2.41740e+04    1.47151e+04    3.04917e+02    5.27368e+00
          LJ-14     Coulomb-14        LJ (SR)  Disper. corr.   Coulomb (SR)
    5.48456e+03   -5.16807e+04    1.46756e+04   -1.48361e+03   -3.35286e+05
   Coul. recip. Position Rest.     Dih. Rest.      Potential    Kinetic En.
    5.41274e+02    7.81541e+00    0.00000e+00   -3.22569e+05    7.97305e+04
   Total Energy  Conserved En.    Temperature Pres. DC (bar) Pressure (bar)
   -2.42839e+05   -2.39886e+05    3.01605e+02   -1.73941e+02   -2.76836e+02
   Constr. rmsd
    3.32892e-06

           Step           Time
         155000      310.00000

   Energies (kJ/mol)
           Bond            U-B    Proper Dih. Per. Imp. Dih.      CMAP Dih.
    6.21696e+03    2.47093e+04    1.47083e+04    2.76074e+02    8.63996e+00
          LJ-14     Coulomb-14        LJ (SR)  Disper. corr.   Coulomb (SR)
    5.44692e+03   -5.15893e+04    1.50772e+04   -1.48739e+03   -3.35149e+05
   Coul. recip. Position Rest.     Dih. Rest.      Potential    Kinetic En.
    6.14016e+02    9.37855e+00    0.00000e+00   -3.21159e+05    8.05785e+04
   Total Energy  Conserved En.    Temperature Pres. DC (bar) Pressure (bar)
   -2.40580e+05   -2.39698e+05    3.04813e+02   -1.74828e+02    3.23137e+02
   Constr. rmsd
    3.48572e-06

           Step           Time
         156000      312.00000

   Energies (kJ/mol)
           Bond            U-B    Proper Dih. Per. Imp. Dih.      CMAP Dih.
    5.80133e+03    2.47814e+04    1.46271e+04    2.27404e+02    1.29180e+01
          LJ-14     Coulomb-14        LJ (SR)  Disper. corr.   Coulomb (SR)
    5.47379e+03   -5.13376e+04    1.49515e+04   -1.48360e+03   -3.35168e+05
   Coul. recip. Position Rest.     Dih. Rest.      Potential    Kinetic En.
    6.15075e+02    1.17488e+01    0.00000e+00   -3.21487e+05    8.05975e+04
   Total Energy  Conserved En.    Temperature Pres. DC (bar) Pressure (bar)
   -2.40890e+05   -2.39863e+05    3.04885e+02   -1.73940e+02    1.72241e+02
   Constr. rmsd
    3.28230e-06

           Step           Time
         157000      314.00000

   Energies (kJ/mol)
           Bond            U-B    Proper Dih. Per. Imp. Dih.      CMAP Dih.
    6.07778e+03    2.44784e+04    1.45854e+04    2.76837e+02    1.39826e+01
          LJ-14     Coulomb-14        LJ (SR)  Disper. corr.   Coulomb (SR)
    5.32852e+03   -5.15813e+04    1.50426e+04   -1.47882e+03   -3.36264e+05
   Coul. recip. Position Rest.     Dih. Rest.      Potential    Kinetic En.
    5.86145e+02    1.23798e+01    0.00000e+00   -3.22922e+05    8.03333e+04
   Total Energy  Conserved En.    Temperature Pres. DC (bar) Pressure (bar)
   -2.42589e+05   -2.39976e+05    3.03885e+02   -1.72820e+02   -2.82522e+02
   Constr. rmsd
    3.36008e-06

           Step           Time
         158000      316.00000

   Energies (kJ/mol)
           Bond            U-B    Proper Dih. Per. Imp. Dih.      CMAP Dih.
    6.00730e+03    2.45325e+04    1.45733e+04    2.81382e+02    9.13959e+00
          LJ-14     Coulomb-14        LJ (SR)  Disper. corr.   Coulomb (SR)
    5.43599e+03   -5.15843e+04    1.42259e+04   -1.48266e+03   -3.35522e+05
   Coul. recip. Position Rest.     Dih. Rest.      Potential    Kinetic En.
    6.39387e+02    7.78936e+00    0.00000e+00   -3.22876e+05    7.92705e+04
   Total Energy  Conserved En.    Temperature Pres. DC (bar) Pressure (bar)
   -2.43606e+05   -2.39847e+05    2.99865e+02   -1.73718e+02   -1.26446e+02
   Constr. rmsd
    3.33925e-06

           Step           Time
         159000      318.00000

   Energies (kJ/mol)
           Bond            U-B    Proper Dih. Per. Imp. Dih.      CMAP Dih.
    5.89912e+03    2.49650e+04    1.46918e+04    2.71097e+02    1.19581e+01
          LJ-14     Coulomb-14        LJ (SR)  Disper. corr.   Coulomb (SR)
    5.45254e+03   -5.15592e+04    1.40274e+04   -1.48639e+03   -3.34893e+05
   Coul. recip. Position Rest.     Dih. Rest.      Potential    Kinetic En.
    5.59240e+02    1.64169e+01    0.00000e+00   -3.22044e+05    8.02220e+04
   Total Energy  Conserved En.    Temperature Pres. DC (bar) Pressure (bar)
   -2.41822e+05   -2.39700e+05    3.03464e+02   -1.74592e+02   -1.25488e+02
   Constr. rmsd
    3.38350e-06

           Step           Time
         160000      320.00000

   Energies (kJ/mol)
           Bond            U-B    Proper Dih. Per. Imp. Dih.      CMAP Dih.
    5.97986e+03    2.49285e+04    1.45635e+04    2.42124e+02    9.51772e+00
          LJ-14     Coulomb-14        LJ (SR)  Disper. corr.   Coulomb (SR)
    5.41612e+03   -5.16026e+04    1.47532e+04   -1.48484e+03   -3.35073e+05
   Coul. recip. Position Rest.     Dih. Rest.      Potential    Kinetic En.
    5.74903e+02    2.06525e+01    0.00000e+00   -3.21672e+05    7.97597e+04
   Total Energy  Conserved En.    Temperature Pres. DC (bar) Pressure (bar)
   -2.41913e+05   -2.39707e+05    3.01715e+02   -1.74229e+02    1.23080e+02
   Constr. rmsd
    3.40786e-06

           Step           Time
         161000      322.00000

   Energies (kJ/mol)
           Bond            U-B    Proper Dih. Per. Imp. Dih.      CMAP Dih.
    6.14306e+03    2.49866e+04    1.46633e+04    2.74687e+02    8.68934e+00
          LJ-14     Coulomb-14        LJ (SR)  Disper. corr.   Coulomb (SR)
    5.39439e+03   -5.15119e+04    1.43741e+04   -1.48496e+03   -3.34335e+05
   Coul. recip. Position Rest.     Dih. Rest.      Potential    Kinetic En.
    6.00227e+02    1.67108e+01    0.00000e+00   -3.20870e+05    8.08673e+04
   Total Energy  Conserved En.    Temperature Pres. DC (bar) Pressure (bar)
   -2.40002e+05   -2.39761e+05    3.05905e+02   -1.74257e+02    1.61870e+02
   Constr. rmsd
    3.55588e-06

           Step           Time
         162000      324.00000

   Energies (kJ/mol)
           Bond            U-B    Proper Dih. Per. Imp. Dih.      CMAP Dih.
    6.04710e+03    2.43227e+04    1.46842e+04    3.07014e+02    2.37847e+00
          LJ-14     Coulomb-14        LJ (SR)  Disper. corr.   Coulomb (SR)
    5.35900e+03   -5.13950e+04    1.45343e+04   -1.48378e+03   -3.34842e+05
   Coul. recip. Position Rest.     Dih. Rest.      Potential    Kinetic En.
    6.05569e+02    1.50559e+01    0.00000e+00   -3.21844e+05    8.00731e+04
   Total Energy  Conserved En.    Temperature Pres. DC (bar) Pressure (bar)
   -2.41771e+05   -2.39779e+05    3.02901e+02   -1.73980e+02   -1.99972e+02
   Constr. rmsd
    3.44619e-06

           Step           Time
         163000      326.00000

   Energies (kJ/mol)
           Bond            U-B    Proper Dih. Per. Imp. Dih.      CMAP Dih.
    5.90604e+03    2.44991e+04    1.45650e+04    2.35363e+02    6.93069e+00
          LJ-14     Coulomb-14        LJ (SR)  Disper. corr.   Coulomb (SR)
    5.38876e+03   -5.15323e+04    1.44931e+04   -1.48759e+03   -3.35558e+05
   Coul. recip. Position Rest.     Dih. Rest.      Potential    Kinetic En.
    5.64823e+02    1.44721e+01    0.00000e+00   -3.22904e+05    8.06003e+04
   Total Energy  Conserved En.    Temperature Pres. DC (bar) Pressure (bar)
   -2.42304e+05   -2.39674e+05    3.04895e+02   -1.74876e+02    4.10683e+01
   Constr. rmsd
    3.35212e-06

           Step           Time
         164000      328.00000

   Energies (kJ/mol)
           Bond            U-B    Proper Dih. Per. Imp. Dih.      CMAP Dih.
    6.04175e+03    2.46583e+04    1.46253e+04    2.91453e+02    3.76942e+00
          LJ-14     Coulomb-14        LJ (SR)  Disper. corr.   Coulomb (SR)
    5.42177e+03   -5.16736e+04    1.43015e+04   -1.48847e+03   -3.35724e+05
   Coul. recip. Position Rest.     Dih. Rest.      Potential    Kinetic En.
    6.06795e+02    9.89584e+00    0.00000e+00   -3.22925e+05    8.02125e+04
   Total Energy  Conserved En.    Temperature Pres. DC (bar) Pressure (bar)
   -2.42713e+05   -2.39588e+05    3.03428e+02   -1.75082e+02    3.74518e+02
   Constr. rmsd
    3.36155e-06

           Step           Time
         165000      330.00000

   Energies (kJ/mol)
           Bond            U-B    Proper Dih. Per. Imp. Dih.      CMAP Dih.
    6.15728e+03    2.52223e+04    1.47816e+04    2.68265e+02    8.74973e+00
          LJ-14     Coulomb-14        LJ (SR)  Disper. corr.   Coulomb (SR)
    5.34698e+03   -5.13994e+04    1.38880e+04   -1.48832e+03   -3.34487e+05
   Coul. recip. Position Rest.     Dih. Rest.      Potential    Kinetic En.
    5.87816e+02    7.04859e+00    0.00000e+00   -3.21107e+05    8.05299e+04
   Total Energy  Conserved En.    Temperature Pres. DC (bar) Pressure (bar)
   -2.40577e+05   -2.39573e+05    3.04629e+02   -1.75047e+02   -3.52048e+02
   Constr. rmsd
    3.34289e-06

           Step           Time
         166000      332.00000

   Energies (kJ/mol)
           Bond            U-B    Proper Dih. Per. Imp. Dih.      CMAP Dih.
    6.06117e+03    2.51858e+04    1.47112e+04    2.35207e+02    5.60448e+00
          LJ-14     Coulomb-14        LJ (SR)  Disper. corr.   Coulomb (SR)
    5.37235e+03   -5.16289e+04    1.43473e+04   -1.48184e+03   -3.34139e+05
   Coul. recip. Position Rest.     Dih. Rest.      Potential    Kinetic En.
    5.90616e+02    1.28932e+01    0.00000e+00   -3.20728e+05    8.05384e+04
   Total Energy  Conserved En.    Temperature Pres. DC (bar) Pressure (bar)
   -2.40189e+05   -2.39753e+05    3.04661e+02   -1.73526e+02    2.66264e+02
   Constr. rmsd
    3.31726e-06

           Step           Time
         167000      334.00000

   Energies (kJ/mol)
           Bond            U-B    Proper Dih. Per. Imp. Dih.      CMAP Dih.
    5.89412e+03    2.47748e+04    1.45632e+04    2.88434e+02    6.69496e+00
          LJ-14     Coulomb-14        LJ (SR)  Disper. corr.   Coulomb (SR)
    5.44969e+03   -5.15385e+04    1.48504e+04   -1.48083e+03   -3.35438e+05
   Coul. recip. Position Rest.     Dih. Rest.      Potential    Kinetic En.
    5.77596e+02    5.40532e+00    0.00000e+00   -3.22047e+05    8.03884e+04
   Total Energy  Conserved En.    Temperature Pres. DC (bar) Pressure (bar)
   -2.41658e+05   -2.39849e+05    3.04094e+02   -1.73290e+02    3.40887e+02
   Constr. rmsd
    3.54004e-06

           Step           Time
         168000      336.00000

   Energies (kJ/mol)
           Bond            U-B    Proper Dih. Per. Imp. Dih.      CMAP Dih.
    6.25984e+03    2.45763e+04    1.45807e+04    2.46868e+02    3.76939e+00
          LJ-14     Coulomb-14        LJ (SR)  Disper. corr.   Coulomb (SR)
    5.36665e+03   -5.15058e+04    1.54395e+04   -1.48157e+03   -3.35896e+05
   Coul. recip. Position Rest.     Dih. Rest.      Potential    Kinetic En.
    5.73298e+02    8.60462e+00    0.00000e+00   -3.21828e+05    8.01136e+04
   Total Energy  Conserved En.    Temperature Pres. DC (bar) Pressure (bar)
   -2.41715e+05   -2.39784e+05    3.03054e+02   -1.73462e+02   -2.73132e+02
   Constr. rmsd
    3.33472e-06

           Step           Time
         169000      338.00000

   Energies (kJ/mol)
           Bond            U-B    Proper Dih. Per. Imp. Dih.      CMAP Dih.
    6.17364e+03    2.47153e+04    1.46022e+04    2.81594e+02    2.14899e-01
          LJ-14     Coulomb-14        LJ (SR)  Disper. corr.   Coulomb (SR)
    5.41467e+03   -5.16871e+04    1.46222e+04   -1.48010e+03   -3.35278e+05
   Coul. recip. Position Rest.     Dih. Rest.      Potential    Kinetic En.
    5.75432e+02    9.74719e+00    0.00000e+00   -3.22050e+05    8.07205e+04
   Total Energy  Conserved En.    Temperature Pres. DC (bar) Pressure (bar)
   -2.41330e+05   -2.39832e+05    3.05350e+02   -1.73118e+02   -1.50870e+02
   Constr. rmsd
    3.46107e-06

           Step           Time
         170000      340.00000

   Energies (kJ/mol)
           Bond            U-B    Proper Dih. Per. Imp. Dih.      CMAP Dih.
    6.04605e+03    2.41988e+04    1.46868e+04    2.66065e+02    3.83479e+00
          LJ-14     Coulomb-14        LJ (SR)  Disper. corr.   Coulomb (SR)
    5.42683e+03   -5.15118e+04    1.48498e+04   -1.48181e+03   -3.35730e+05
   Coul. recip. Position Rest.     Dih. Rest.      Potential    Kinetic En.
    5.88326e+02    9.49135e+00    0.00000e+00   -3.22648e+05    7.92889e+04
   Total Energy  Conserved En.    Temperature Pres. DC (bar) Pressure (bar)
   -2.43359e+05   -2.39756e+05    2.99934e+02   -1.73520e+02   -1.44340e+02
   Constr. rmsd
    3.37013e-06

           Step           Time
         171000      342.00000

   Energies (kJ/mol)
           Bond            U-B    Proper Dih. Per. Imp. Dih.      CMAP Dih.
    6.19669e+03    2.44878e+04    1.45369e+04    3.07660e+02    9.54773e+00
          LJ-14     Coulomb-14        LJ (SR)  Disper. corr.   Coulomb (SR)
    5.33598e+03   -5.15700e+04    1.34343e+04   -1.48289e+03   -3.35332e+05
   Coul. recip. Position Rest.     Dih. Rest.      Potential    Kinetic En.
    5.42246e+02    7.40030e+00    0.00000e+00   -3.23526e+05    8.01620e+04
   Total Energy  Conserved En.    Temperature Pres. DC (bar) Pressure (bar)
   -2.43364e+05   -2.39700e+05    3.03237e+02   -1.73772e+02   -2.06517e+02
   Constr. rmsd
    3.31816e-06

           Step           Time
         172000      344.00000

   Energies (kJ/mol)
           Bond            U-B    Proper Dih. Per. Imp. Dih.      CMAP Dih.
    5.97065e+03    2.46778e+04    1.46713e+04    2.72943e+02    1.01208e+01
          LJ-14     Coulomb-14        LJ (SR)  Disper. corr.   Coulomb (SR)
    5.28356e+03   -5.15649e+04    1.39689e+04   -1.48330e+03   -3.34905e+05
   Coul. recip. Position Rest.     Dih. Rest.      Potential    Kinetic En.
    5.69196e+02    5.47410e+00    0.00000e+00   -3.22523e+05    7.94626e+04
   Total Energy  Conserved En.    Temperature Pres. DC (bar) Pressure (bar)
   -2.43061e+05   -2.39685e+05    3.00591e+02   -1.73868e+02   -2.97395e+02
   Constr. rmsd
    3.40651e-06

           Step           Time
         173000      346.00000

   Energies (kJ/mol)
           Bond            U-B    Proper Dih. Per. Imp. Dih.      CMAP Dih.
    6.02525e+03    2.42814e+04    1.46570e+04    2.48209e+02    6.87729e+00
          LJ-14     Coulomb-14        LJ (SR)  Disper. corr.   Coulomb (SR)
    5.42212e+03   -5.14599e+04    1.47001e+04   -1.48528e+03   -3.35752e+05
   Coul. recip. Position Rest.     Dih. Rest.      Potential    Kinetic En.
    5.69034e+02    1.66829e+01    0.00000e+00   -3.22771e+05    8.07581e+04
   Total Energy  Conserved En.    Temperature Pres. DC (bar) Pressure (bar)
   -2.42013e+05   -2.39651e+05    3.05492e+02   -1.74333e+02    1.68268e+02
   Constr. rmsd
    3.41662e-06

           Step           Time
         174000      348.00000

   Energies (kJ/mol)
           Bond            U-B    Proper Dih. Per. Imp. Dih.      CMAP Dih.
    6.13516e+03    2.46183e+04    1.45433e+04    2.88289e+02    1.01859e+01
          LJ-14     Coulomb-14        LJ (SR)  Disper. corr.   Coulomb (SR)
    5.32541e+03   -5.16727e+04    1.47033e+04   -1.48011e+03   -3.35309e+05
   Coul. recip. Position Rest.     Dih. Rest.      Potential    Kinetic En.
    5.33097e+02    5.69966e+00    0.00000e+00   -3.22299e+05    8.02966e+04
   Total Energy  Conserved En.    Temperature Pres. DC (bar) Pressure (bar)
   -2.42003e+05   -2.39777e+05    3.03746e+02   -1.73122e+02    5.03659e+01
   Constr. rmsd
    3.52365e-06

           Step           Time
         175000      350.00000

   Energies (kJ/mol)
           Bond            U-B    Proper Dih. Per. Imp. Dih.      CMAP Dih.
    6.02444e+03    2.45709e+04    1.46297e+04    2.39132e+02    5.94526e+00
          LJ-14     Coulomb-14        LJ (SR)  Disper. corr.   Coulomb (SR)
    5.39371e+03   -5.16212e+04    1.43249e+04   -1.48328e+03   -3.35048e+05
   Coul. recip. Position Rest.     Dih. Rest.      Potential    Kinetic En.
    6.25120e+02    9.53708e+00    0.00000e+00   -3.22330e+05    8.02431e+04
   Total Energy  Conserved En.    Temperature Pres. DC (bar) Pressure (bar)
   -2.42086e+05   -2.39678e+05    3.03544e+02   -1.73864e+02    3.51632e+01
   Constr. rmsd
    3.27727e-06

           Step           Time
         176000      352.00000

   Energies (kJ/mol)
           Bond            U-B    Proper Dih. Per. Imp. Dih.      CMAP Dih.
    6.14376e+03    2.45454e+04    1.47711e+04    2.81860e+02    2.47572e+00
          LJ-14     Coulomb-14        LJ (SR)  Disper. corr.   Coulomb (SR)
    5.35525e+03   -5.16120e+04    1.37216e+04   -1.47905e+03   -3.34405e+05
   Coul. recip. Position Rest.     Dih. Rest.      Potential    Kinetic En.
    5.75067e+02    1.06431e+01    0.00000e+00   -3.22089e+05    8.01824e+04
   Total Energy  Conserved En.    Temperature Pres. DC (bar) Pressure (bar)
   -2.41907e+05   -2.39792e+05    3.03314e+02   -1.72873e+02   -3.19142e+02
   Constr. rmsd
    3.40263e-06

           Step           Time
         177000      354.00000

   Energies (kJ/mol)
           Bond            U-B    Proper Dih. Per. Imp. Dih.      CMAP Dih.
    6.10340e+03    2.47011e+04    1.46415e+04    2.71460e+02    4.34434e+00
          LJ-14     Coulomb-14        LJ (SR)  Disper. corr.   Coulomb (SR)
    5.40569e+03   -5.16751e+04    1.44202e+04   -1.47760e+03   -3.35008e+05
   Coul. recip. Position Rest.     Dih. Rest.      Potential    Kinetic En.
    5.81269e+02    7.53418e+00    0.00000e+00   -3.22024e+05    8.07984e+04
   Total Energy  Conserved En.    Temperature Pres. DC (bar) Pressure (bar)
   -2.41226e+05   -2.39858e+05    3.05645e+02   -1.72534e+02   -1.22594e+02
   Constr. rmsd
    3.51583e-06

           Step           Time
         178000      356.00000

   Energies (kJ/mol)
           Bond            U-B    Proper Dih. Per. Imp. Dih.      CMAP Dih.
    6.15695e+03    2.47698e+04    1.45604e+04    2.42448e+02    3.92307e+00
          LJ-14     Coulomb-14        LJ (SR)  Disper. corr.   Coulomb (SR)
    5.43136e+03   -5.16483e+04    1.49492e+04   -1.47636e+03   -3.35338e+05
   Coul. recip. Position Rest.     Dih. Rest.      Potential    Kinetic En.
    5.85770e+02    7.75280e+00    0.00000e+00   -3.21755e+05    8.02198e+04
   Total Energy  Conserved En.    Temperature Pres. DC (bar) Pressure (bar)
   -2.41535e+05   -2.39858e+05    3.03456e+02   -1.72245e+02    1.05891e+02
   Constr. rmsd
    3.36762e-06

           Step           Time
         179000      358.00000

   Energies (kJ/mol)
           Bond            U-B    Proper Dih. Per. Imp. Dih.      CMAP Dih.
    6.23443e+03    2.45568e+04    1.44678e+04    2.20802e+02    1.31042e+01
          LJ-14     Coulomb-14        LJ (SR)  Disper. corr.   Coulomb (SR)
    5.46913e+03   -5.16160e+04    1.33574e+04   -1.47274e+03   -3.32929e+05
   Coul. recip. Position Rest.     Dih. Rest.      Potential    Kinetic En.
    5.33806e+02    6.04248e+00    0.00000e+00   -3.21158e+05    7.99303e+04
   Total Energy  Conserved En.    Temperature Pres. DC (bar) Pressure (bar)
   -2.41228e+05   -2.40005e+05    3.02361e+02   -1.71401e+02   -8.89520e+01
   Constr. rmsd
    3.43199e-06

           Step           Time
         180000      360.00000

   Energies (kJ/mol)
           Bond            U-B    Proper Dih. Per. Imp. Dih.      CMAP Dih.
    5.94854e+03    2.48748e+04    1.44537e+04    2.40170e+02    9.74336e+00
          LJ-14     Coulomb-14        LJ (SR)  Disper. corr.   Coulomb (SR)
    5.39625e+03   -5.17511e+04    1.46747e+04   -1.47327e+03   -3.34492e+05
   Coul. recip. Position Rest.     Dih. Rest.      Potential    Kinetic En.
    5.65678e+02    7.86488e+00    0.00000e+00   -3.21545e+05    7.96039e+04
   Total Energy  Conserved En.    Temperature Pres. DC (bar) Pressure (bar)
   -2.41941e+05   -2.39941e+05    3.01126e+02   -1.71524e+02   -1.12165e+02
   Constr. rmsd
    3.38283e-06

           Step           Time
         181000      362.00000

   Energies (kJ/mol)
           Bond            U-B    Proper Dih. Per. Imp. Dih.      CMAP Dih.
    6.14971e+03    2.43665e+04    1.45478e+04    2.51081e+02    7.19824e+00
          LJ-14     Coulomb-14        LJ (SR)  Disper. corr.   Coulomb (SR)
    5.30720e+03   -5.16874e+04    1.50260e+04   -1.47375e+03   -3.35787e+05
   Coul. recip. Position Rest.     Dih. Rest.      Potential    Kinetic En.
    5.55548e+02    4.24744e+00    0.00000e+00   -3.22733e+05    7.99848e+04
   Total Energy  Conserved En.    Temperature Pres. DC (bar) Pressure (bar)
   -2.42748e+05   -2.39977e+05    3.02567e+02   -1.71637e+02   -2.92788e+02
   Constr. rmsd
    3.40790e-06

           Step           Time
         182000      364.00000

   Energies (kJ/mol)
           Bond            U-B    Proper Dih. Per. Imp. Dih.      CMAP Dih.
    5.93847e+03    2.46113e+04    1.46282e+04    2.22253e+02    9.55329e+00
          LJ-14     Coulomb-14        LJ (SR)  Disper. corr.   Coulomb (SR)
    5.44155e+03   -5.18457e+04    1.41619e+04   -1.47286e+03   -3.35331e+05
   Coul. recip. Position Rest.     Dih. Rest.      Potential    Kinetic En.
    5.97558e+02    6.87590e+00    0.00000e+00   -3.23032e+05    7.94036e+04
   Total Energy  Conserved En.    Temperature Pres. DC (bar) Pressure (bar)
   -2.43629e+05   -2.39950e+05    3.00368e+02   -1.71428e+02   -4.51131e+02
   Constr. rmsd
    3.34590e-06

           Step           Time
         183000      366.00000

   Energies (kJ/mol)
           Bond            U-B    Proper Dih. Per. Imp. Dih.      CMAP Dih.
    6.01185e+03    2.44588e+04    1.46002e+04    3.03540e+02    1.39339e+01
          LJ-14     Coulomb-14        LJ (SR)  Disper. corr.   Coulomb (SR)
    5.40650e+03   -5.18924e+04    1.43798e+04   -1.47884e+03   -3.34913e+05
   Coul. recip. Position Rest.     Dih. Rest.      Potential    Kinetic En.
    6.08348e+02    6.31383e+00    0.00000e+00   -3.22494e+05    7.93511e+04
   Total Energy  Conserved En.    Temperature Pres. DC (bar) Pressure (bar)
   -2.43143e+05   -2.39691e+05    3.00170e+02   -1.72823e+02    2.30552e+01
   Constr. rmsd
    3.58888e-06

           Step           Time
         184000      368.00000

   Energies (kJ/mol)
           Bond            U-B    Proper Dih. Per. Imp. Dih.      CMAP Dih.
    6.07804e+03    2.47638e+04    1.44549e+04    3.11138e+02    9.80613e+00
          LJ-14     Coulomb-14        LJ (SR)  Disper. corr.   Coulomb (SR)
    5.48417e+03   -5.15949e+04    1.45861e+04   -1.47902e+03   -3.35499e+05
   Coul. recip. Position Rest.     Dih. Rest.      Potential    Kinetic En.
    6.28952e+02    1.46225e+01    0.00000e+00   -3.22241e+05    8.05506e+04
   Total Energy  Conserved En.    Temperature Pres. DC (bar) Pressure (bar)
   -2.41691e+05   -2.39719e+05    3.04707e+02   -1.72865e+02   -2.20955e+02
   Constr. rmsd
    3.43298e-06

           Step           Time
         185000      370.00000

   Energies (kJ/mol)
           Bond            U-B    Proper Dih. Per. Imp. Dih.      CMAP Dih.
    6.04662e+03    2.42175e+04    1.43663e+04    2.29896e+02    1.05783e+01
          LJ-14     Coulomb-14        LJ (SR)  Disper. corr.   Coulomb (SR)
    5.36790e+03   -5.15013e+04    1.46210e+04   -1.48074e+03   -3.36274e+05
   Coul. recip. Position Rest.     Dih. Rest.      Potential    Kinetic En.
    5.77822e+02    5.00280e+00    0.00000e+00   -3.23813e+05    7.96764e+04
   Total Energy  Conserved En.    Temperature Pres. DC (bar) Pressure (bar)
   -2.44137e+05   -2.39647e+05    3.01400e+02   -1.73268e+02   -3.42736e+02
   Constr. rmsd
    3.47303e-06

           Step           Time
         186000      372.00000

   Energies (kJ/mol)
           Bond            U-B    Proper Dih. Per. Imp. Dih.      CMAP Dih.
    6.07987e+03    2.45921e+04    1.43549e+04    2.14437e+02    7.01661e+00
          LJ-14     Coulomb-14        LJ (SR)  Disper. corr.   Coulomb (SR)
    5.32813e+03   -5.16390e+04    1.47311e+04   -1.48250e+03   -3.35784e+05
   Coul. recip. Position Rest.     Dih. Rest.      Potential    Kinetic En.
    5.15361e+02    5.55944e+00    0.00000e+00   -3.23077e+05    7.88795e+04
   Total Energy  Conserved En.    Temperature Pres. DC (bar) Pressure (bar)
   -2.44198e+05   -2.39561e+05    2.98386e+02   -1.73681e+02    9.11149e+01
   Constr. rmsd
    3.21256e-06

           Step           Time
         187000      374.00000

   Energies (kJ/mol)
           Bond            U-B    Proper Dih. Per. Imp. Dih.      CMAP Dih.
    6.17673e+03    2.42497e+04    1.44368e+04    2.51718e+02    7.74142e+00
          LJ-14     Coulomb-14        LJ (SR)  Disper. corr.   Coulomb (SR)
    5.35637e+03   -5.16739e+04    1.48548e+04   -1.48137e+03   -3.35964e+05
   Coul. recip. Position Rest.     Dih. Rest.      Potential    Kinetic En.
    6.11980e+02    1.13229e+01    0.00000e+00   -3.23162e+05    7.98775e+04
   Total Energy  Conserved En.    Temperature Pres. DC (bar) Pressure (bar)
   -2.43284e+05   -2.39604e+05    3.02161e+02   -1.73415e+02   -1.64991e+02
   Constr. rmsd
    3.33811e-06

           Step           Time
         188000      376.00000

   Energies (kJ/mol)
           Bond            U-B    Proper Dih. Per. Imp. Dih.      CMAP Dih.
    6.10477e+03    2.49784e+04    1.44582e+04    2.88597e+02    4.03190e+00
          LJ-14     Coulomb-14        LJ (SR)  Disper. corr.   Coulomb (SR)
    5.34793e+03   -5.17217e+04    1.46568e+04   -1.47801e+03   -3.34736e+05
   Coul. recip. Position Rest.     Dih. Rest.      Potential    Kinetic En.
    5.77331e+02    1.11671e+01    0.00000e+00   -3.21509e+05    7.99810e+04
   Total Energy  Conserved En.    Temperature Pres. DC (bar) Pressure (bar)
   -2.41528e+05   -2.39700e+05    3.02552e+02   -1.72631e+02    1.46956e+02
   Constr. rmsd
    3.33937e-06

           Step           Time
         189000      378.00000

   Energies (kJ/mol)
           Bond            U-B    Proper Dih. Per. Imp. Dih.      CMAP Dih.
    6.13053e+03    2.47054e+04    1.46751e+04    2.86655e+02   -1.66957e+00
          LJ-14     Coulomb-14        LJ (SR)  Disper. corr.   Coulomb (SR)
    5.43293e+03   -5.17207e+04    1.44863e+04   -1.47348e+03   -3.33698e+05
   Coul. recip. Position Rest.     Dih. Rest.      Potential    Kinetic En.
    5.63688e+02    8.86770e+00    0.00000e+00   -3.20604e+05    7.98806e+04
   Total Energy  Conserved En.    Temperature Pres. DC (bar) Pressure (bar)
   -2.40724e+05   -2.39860e+05    3.02172e+02   -1.71574e+02   -8.61703e+01
   Constr. rmsd
    3.46223e-06

           Step           Time
         190000      380.00000

   Energies (kJ/mol)
           Bond            U-B    Proper Dih. Per. Imp. Dih.      CMAP Dih.
    6.04823e+03    2.44904e+04    1.46029e+04    2.74738e+02    4.31151e-01
          LJ-14     Coulomb-14        LJ (SR)  Disper. corr.   Coulomb (SR)
    5.50913e+03   -5.17442e+04    1.49187e+04   -1.47536e+03   -3.35141e+05
   Coul. recip. Position Rest.     Dih. Rest.      Potential    Kinetic En.
    6.60674e+02    1.91769e+01    0.00000e+00   -3.21837e+05    8.02611e+04
   Total Energy  Conserved En.    Temperature Pres. DC (bar) Pressure (bar)
   -2.41575e+05   -2.39774e+05    3.03612e+02   -1.72012e+02    1.76815e+02
   Constr. rmsd
    3.43376e-06

           Step           Time
         191000      382.00000

   Energies (kJ/mol)
           Bond            U-B    Proper Dih. Per. Imp. Dih.      CMAP Dih.
    6.52445e+03    2.43386e+04    1.44074e+04    2.70033e+02    1.22100e+01
          LJ-14     Coulomb-14        LJ (SR)  Disper. corr.   Coulomb (SR)
    5.47896e+03   -5.17675e+04    1.50658e+04   -1.47998e+03   -3.35373e+05
   Coul. recip. Position Rest.     Dih. Rest.      Potential    Kinetic En.
    5.54953e+02    1.93279e+01    0.00000e+00   -3.21949e+05    8.07455e+04
   Total Energy  Conserved En.    Temperature Pres. DC (bar) Pressure (bar)
   -2.41204e+05   -2.39582e+05    3.05444e+02   -1.73091e+02    1.30119e+02
   Constr. rmsd
    3.30795e-06

           Step           Time
         192000      384.00000

   Energies (kJ/mol)
           Bond            U-B    Proper Dih. Per. Imp. Dih.      CMAP Dih.
    6.14503e+03    2.48589e+04    1.46678e+04    2.53798e+02    1.20931e+01
          LJ-14     Coulomb-14        LJ (SR)  Disper. corr.   Coulomb (SR)
    5.34449e+03   -5.15701e+04    1.51971e+04   -1.48257e+03   -3.35823e+05
   Coul. recip. Position Rest.     Dih. Rest.      Potential    Kinetic En.
    6.35138e+02    1.61606e+01    0.00000e+00   -3.21745e+05    8.02966e+04
   Total Energy  Conserved En.    Temperature Pres. DC (bar) Pressure (bar)
   -2.41448e+05   -2.39419e+05    3.03746e+02   -1.73698e+02   -2.76845e+01
   Constr. rmsd
    3.37044e-06

           Step           Time
         193000      386.00000

   Energies (kJ/mol)
           Bond            U-B    Proper Dih. Per. Imp. Dih.      CMAP Dih.
    6.16800e+03    2.45859e+04    1.44624e+04    2.92792e+02    9.85498e+00
          LJ-14     Coulomb-14        LJ (SR)  Disper. corr.   Coulomb (SR)
    5.42444e+03   -5.15593e+04    1.44929e+04   -1.48244e+03   -3.34922e+05
   Coul. recip. Position Rest.     Dih. Rest.      Potential    Kinetic En.
    5.90330e+02    2.10392e+01    0.00000e+00   -3.21916e+05    7.95970e+04
   Total Energy  Conserved En.    Temperature Pres. DC (bar) Pressure (bar)
   -2.42319e+05   -2.39421e+05    3.01100e+02   -1.73666e+02    5.14524e+01
   Constr. rmsd
    3.27392e-06

           Step           Time
         194000      388.00000

   Energies (kJ/mol)
           Bond            U-B    Proper Dih. Per. Imp. Dih.      CMAP Dih.
    6.23391e+03    2.46219e+04    1.45434e+04    2.68459e+02    8.23550e-01
          LJ-14     Coulomb-14        LJ (SR)  Disper. corr.   Coulomb (SR)
    5.35949e+03   -5.17325e+04    1.46285e+04   -1.47943e+03   -3.35354e+05
   Coul. recip. Position Rest.     Dih. Rest.      Potential    Kinetic En.
    5.62844e+02    1.96926e+01    0.00000e+00   -3.22327e+05    8.09694e+04
   Total Energy  Conserved En.    Temperature Pres. DC (bar) Pressure (bar)
   -2.41358e+05   -2.39596e+05    3.06291e+02   -1.72962e+02   -1.75602e+02
   Constr. rmsd
    3.39578e-06

           Step           Time
         195000      390.00000

   Energies (kJ/mol)
           Bond            U-B    Proper Dih. Per. Imp. Dih.      CMAP Dih.
    6.05640e+03    2.48895e+04    1.47577e+04    3.22844e+02    4.18503e+00
          LJ-14     Coulomb-14        LJ (SR)  Disper. corr.   Coulomb (SR)
    5.50138e+03   -5.18047e+04    1.34952e+04   -1.48192e+03   -3.32982e+05
   Coul. recip. Position Rest.     Dih. Rest.      Potential    Kinetic En.
    5.63099e+02    1.18850e+01    0.00000e+00   -3.20666e+05    8.05534e+04
   Total Energy  Conserved En.    Temperature Pres. DC (bar) Pressure (bar)
   -2.40113e+05   -2.39472e+05    3.04718e+02   -1.73544e+02    1.31252e+02
   Constr. rmsd
    3.47882e-06

           Step           Time
         196000      392.00000

   Energies (kJ/mol)
           Bond            U-B    Proper Dih. Per. Imp. Dih.      CMAP Dih.
    5.91654e+03    2.46977e+04    1.46221e+04    2.38368e+02    2.75386e+00
          LJ-14     Coulomb-14        LJ (SR)  Disper. corr.   Coulomb (SR)
    5.36238e+03   -5.16959e+04    1.49460e+04   -1.48416e+03   -3.35454e+05
   Coul. recip. Position Rest.     Dih. Rest.      Potential    Kinetic En.
    5.67456e+02    9.95040e+00    0.00000e+00   -3.22270e+05    8.04370e+04
   Total Energy  Conserved En.    Temperature Pres. DC (bar) Pressure (bar)
   -2.41833e+05   -2.39383e+05    3.04278e+02   -1.74070e+02   -5.07778e+01
   Constr. rmsd
    3.40508e-06

           Step           Time
         197000      394.00000

   Energies (kJ/mol)
           Bond            U-B    Proper Dih. Per. Imp. Dih.      CMAP Dih.
    5.93931e+03    2.50137e+04    1.45956e+04    2.96185e+02    8.72218e+00
          LJ-14     Coulomb-14        LJ (SR)  Disper. corr.   Coulomb (SR)
    5.38177e+03   -5.17161e+04    1.45001e+04   -1.48320e+03   -3.35289e+05
   Coul. recip. Position Rest.     Dih. Rest.      Potential    Kinetic En.
    5.62255e+02    1.45483e+01    0.00000e+00   -3.22176e+05    8.04348e+04
   Total Energy  Conserved En.    Temperature Pres. DC (bar) Pressure (bar)
   -2.41741e+05   -2.39409e+05    3.04269e+02   -1.73844e+02    1.28736e+02
   Constr. rmsd
    3.45765e-06

           Step           Time
         198000      396.00000

   Energies (kJ/mol)
           Bond            U-B    Proper Dih. Per. Imp. Dih.      CMAP Dih.
    6.02150e+03    2.43613e+04    1.45668e+04    2.58295e+02   -2.41866e-01
          LJ-14     Coulomb-14        LJ (SR)  Disper. corr.   Coulomb (SR)
    5.40818e+03   -5.16878e+04    1.59587e+04   -1.48611e+03   -3.37035e+05
   Coul. recip. Position Rest.     Dih. Rest.      Potential    Kinetic En.
    6.00304e+02    1.59114e+01    0.00000e+00   -3.23018e+05    8.04451e+04
   Total Energy  Conserved En.    Temperature Pres. DC (bar) Pressure (bar)
   -2.42573e+05   -2.39332e+05    3.04308e+02   -1.74528e+02    2.13435e+02
   Constr. rmsd
    3.37736e-06

           Step           Time
         199000      398.00000

   Energies (kJ/mol)
           Bond            U-B    Proper Dih. Per. Imp. Dih.      CMAP Dih.
    6.07166e+03    2.45169e+04    1.47992e+04    2.88235e+02   -2.13142e+00
          LJ-14     Coulomb-14        LJ (SR)  Disper. corr.   Coulomb (SR)
    5.39523e+03   -5.16034e+04    1.44976e+04   -1.48467e+03   -3.34930e+05
   Coul. recip. Position Rest.     Dih. Rest.      Potential    Kinetic En.
    5.95873e+02    1.72692e+01    0.00000e+00   -3.21838e+05    8.08848e+04
   Total Energy  Conserved En.    Temperature Pres. DC (bar) Pressure (bar)
   -2.40954e+05   -2.39341e+05    3.05971e+02   -1.74190e+02    1.70087e+02
   Constr. rmsd
    3.32412e-06

           Step           Time
         200000      400.00000

   Energies (kJ/mol)
           Bond            U-B    Proper Dih. Per. Imp. Dih.      CMAP Dih.
    6.05375e+03    2.46443e+04    1.44424e+04    2.49052e+02    9.60617e+00
          LJ-14     Coulomb-14        LJ (SR)  Disper. corr.   Coulomb (SR)
    5.45111e+03   -5.16111e+04    1.32427e+04   -1.48080e+03   -3.34002e+05
   Coul. recip. Position Rest.     Dih. Rest.      Potential    Kinetic En.
    6.18393e+02    1.64393e+01    0.00000e+00   -3.22366e+05    7.97678e+04
   Total Energy  Conserved En.    Temperature Pres. DC (bar) Pressure (bar)
   -2.42598e+05   -2.39412e+05    3.01746e+02   -1.73282e+02   -2.03171e+02
   Constr. rmsd
    3.40292e-06

           Step           Time
         201000      402.00000

   Energies (kJ/mol)
           Bond            U-B    Proper Dih. Per. Imp. Dih.      CMAP Dih.
    5.89017e+03    2.46377e+04    1.45102e+04    2.61941e+02    7.74138e+00
          LJ-14     Coulomb-14        LJ (SR)  Disper. corr.   Coulomb (SR)
    5.41948e+03   -5.18735e+04    1.49882e+04   -1.48028e+03   -3.35543e+05
   Coul. recip. Position Rest.     Dih. Rest.      Potential    Kinetic En.
    5.75079e+02    1.22204e+01    0.00000e+00   -3.22594e+05    7.92321e+04
   Total Energy  Conserved En.    Temperature Pres. DC (bar) Pressure (bar)
   -2.43362e+05   -2.39483e+05    2.99720e+02   -1.73161e+02   -3.57731e+01
   Constr. rmsd
    3.24642e-06

           Step           Time
         202000      404.00000

   Energies (kJ/mol)
           Bond            U-B    Proper Dih. Per. Imp. Dih.      CMAP Dih.
    5.85258e+03    2.43498e+04    1.44966e+04    2.37359e+02    6.87771e+00
          LJ-14     Coulomb-14        LJ (SR)  Disper. corr.   Coulomb (SR)
    5.32979e+03   -5.15657e+04    1.43208e+04   -1.47981e+03   -3.35462e+05
   Coul. recip. Position Rest.     Dih. Rest.      Potential    Kinetic En.
    6.19167e+02    1.10010e+01    0.00000e+00   -3.23283e+05    7.84105e+04
   Total Energy  Conserved En.    Temperature Pres. DC (bar) Pressure (bar)
   -2.44873e+05   -2.39450e+05    2.96612e+02   -1.73051e+02   -3.55038e+01
   Constr. rmsd
    3.21934e-06

           Step           Time
         203000      406.00000

   Energies (kJ/mol)
           Bond            U-B    Proper Dih. Per. Imp. Dih.      CMAP Dih.
    6.12379e+03    2.49396e+04    1.46039e+04    2.44408e+02    9.97609e+00
          LJ-14     Coulomb-14        LJ (SR)  Disper. corr.   Coulomb (SR)
    5.47190e+03   -5.16841e+04    1.52618e+04   -1.47957e+03   -3.36408e+05
   Coul. recip. Position Rest.     Dih. Rest.      Potential    Kinetic En.
    5.72058e+02    1.16064e+01    0.00000e+00   -3.22333e+05    7.96587e+04
   Total Energy  Conserved En.    Temperature Pres. DC (bar) Pressure (bar)
   -2.42674e+05   -2.39405e+05    3.01333e+02   -1.72996e+02    2.00223e+02
   Constr. rmsd
    3.37308e-06

           Step           Time
         204000      408.00000

   Energies (kJ/mol)
           Bond            U-B    Proper Dih. Per. Imp. Dih.      CMAP Dih.
    5.94904e+03    2.44103e+04    1.45269e+04    2.85704e+02    1.12073e+01
          LJ-14     Coulomb-14        LJ (SR)  Disper. corr.   Coulomb (SR)
    5.37561e+03   -5.17275e+04    1.51736e+04   -1.47692e+03   -3.35431e+05
   Coul. recip. Position Rest.     Dih. Rest.      Potential    Kinetic En.
    5.68293e+02    1.38684e+01    0.00000e+00   -3.22321e+05    7.96969e+04
   Total Energy  Conserved En.    Temperature Pres. DC (bar) Pressure (bar)
   -2.42624e+05   -2.39528e+05    3.01478e+02   -1.72377e+02    4.96170e+01
   Constr. rmsd
    3.56647e-06

           Step           Time
         205000      410.00000

   Energies (kJ/mol)
           Bond            U-B    Proper Dih. Per. Imp. Dih.      CMAP Dih.
    6.02544e+03    2.43967e+04    1.46136e+04    2.82289e+02    1.09952e+01
          LJ-14     Coulomb-14        LJ (SR)  Disper. corr.   Coulomb (SR)
    5.43003e+03   -5.18740e+04    1.43906e+04   -1.48474e+03   -3.34921e+05
   Coul. recip. Position Rest.     Dih. Rest.      Potential    Kinetic En.
    6.26486e+02    1.66645e+01    0.00000e+00   -3.22487e+05    7.94468e+04
   Total Energy  Conserved En.    Temperature Pres. DC (bar) Pressure (bar)
   -2.43040e+05   -2.39265e+05    3.00532e+02   -1.74207e+02    2.07116e+02
   Constr. rmsd
    3.38008e-06

           Step           Time
         206000      412.00000

   Energies (kJ/mol)
           Bond            U-B    Proper Dih. Per. Imp. Dih.      CMAP Dih.
    6.18838e+03    2.45214e+04    1.46617e+04    2.74862e+02    8.91765e+00
          LJ-14     Coulomb-14        LJ (SR)  Disper. corr.   Coulomb (SR)
    5.41331e+03   -5.16987e+04    1.39305e+04   -1.47898e+03   -3.34169e+05
   Coul. recip. Position Rest.     Dih. Rest.      Potential    Kinetic En.
    6.10438e+02    1.38939e+01    0.00000e+00   -3.21723e+05    8.00680e+04
   Total Energy  Conserved En.    Temperature Pres. DC (bar) Pressure (bar)
   -2.41655e+05   -2.39429e+05    3.02881e+02   -1.72857e+02   -3.26053e+02
   Constr. rmsd
    3.33017e-06

           Step           Time
         207000      414.00000

   Energies (kJ/mol)
           Bond            U-B    Proper Dih. Per. Imp. Dih.      CMAP Dih.
    6.42669e+03    2.44018e+04    1.45752e+04    3.25086e+02    4.14621e+00
          LJ-14     Coulomb-14        LJ (SR)  Disper. corr.   Coulomb (SR)
    5.40701e+03   -5.15630e+04    1.40148e+04   -1.48136e+03   -3.34624e+05
   Coul. recip. Position Rest.     Dih. Rest.      Potential    Kinetic En.
    5.91019e+02    1.60698e+01    0.00000e+00   -3.21907e+05    7.96630e+04
   Total Energy  Conserved En.    Temperature Pres. DC (bar) Pressure (bar)
   -2.42244e+05   -2.39373e+05    3.01350e+02   -1.73415e+02   -3.29483e+02
   Constr. rmsd
    3.36274e-06

           Step           Time
         208000      416.00000

   Energies (kJ/mol)
           Bond            U-B    Proper Dih. Per. Imp. Dih.      CMAP Dih.
    6.06027e+03    2.46816e+04    1.45616e+04    2.67617e+02    3.42169e+00
          LJ-14     Coulomb-14        LJ (SR)  Disper. corr.   Coulomb (SR)
    5.46530e+03   -5.18814e+04    1.55900e+04   -1.47907e+03   -3.36459e+05
   Coul. recip. Position Rest.     Dih. Rest.      Potential    Kinetic En.
    5.92494e+02    1.41860e+01    0.00000e+00   -3.22583e+05    8.01328e+04
   Total Energy  Conserved En.    Temperature Pres. DC (bar) Pressure (bar)
   -2.42451e+05   -2.39415e+05    3.03127e+02   -1.72879e+02    3.82815e+02
   Constr. rmsd
    3.44154e-06

           Step           Time
         209000      418.00000

   Energies (kJ/mol)
           Bond            U-B    Proper Dih. Per. Imp. Dih.      CMAP Dih.
    6.25924e+03    2.49395e+04    1.45454e+04    2.43062e+02    6.25964e+00
          LJ-14     Coulomb-14        LJ (SR)  Disper. corr.   Coulomb (SR)
    5.40882e+03   -5.17781e+04    1.38989e+04   -1.48132e+03   -3.34434e+05
   Coul. recip. Position Rest.     Dih. Rest.      Potential    Kinetic En.
    6.40637e+02    1.23319e+01    0.00000e+00   -3.21739e+05    8.03382e+04
   Total Energy  Conserved En.    Temperature Pres. DC (bar) Pressure (bar)
   -2.41401e+05   -2.39301e+05    3.03904e+02   -1.73404e+02   -1.87681e+02
   Constr. rmsd
    3.26461e-06

           Step           Time
         210000      420.00000

   Energies (kJ/mol)
           Bond            U-B    Proper Dih. Per. Imp. Dih.      CMAP Dih.
    6.16290e+03    2.49164e+04    1.45519e+04    2.58317e+02    1.09905e+01
          LJ-14     Coulomb-14        LJ (SR)  Disper. corr.   Coulomb (SR)
    5.38069e+03   -5.17868e+04    1.41598e+04   -1.47752e+03   -3.33954e+05
   Coul. recip. Position Rest.     Dih. Rest.      Potential    Kinetic En.
    5.58430e+02    1.04067e+01    0.00000e+00   -3.21209e+05    8.06013e+04
   Total Energy  Conserved En.    Temperature Pres. DC (bar) Pressure (bar)
   -2.40608e+05   -2.39448e+05    3.04899e+02   -1.72517e+02   -2.92561e+02
   Constr. rmsd
    3.40630e-06

           Step           Time
         211000      422.00000

   Energies (kJ/mol)
           Bond            U-B    Proper Dih. Per. Imp. Dih.      CMAP Dih.
    6.15039e+03    2.50371e+04    1.46218e+04    2.86350e+02    1.14304e+01
          LJ-14     Coulomb-14        LJ (SR)  Disper. corr.   Coulomb (SR)
    5.45994e+03   -5.17797e+04    1.43328e+04   -1.47735e+03   -3.33736e+05
   Coul. recip. Position Rest.     Dih. Rest.      Potential    Kinetic En.
    6.18383e+02    6.53795e+00    0.00000e+00   -3.20468e+05    8.07119e+04
   Total Energy  Conserved En.    Temperature Pres. DC (bar) Pressure (bar)
   -2.39757e+05   -2.39430e+05    3.05317e+02   -1.72477e+02   -1.82874e+02
   Constr. rmsd
    3.37618e-06

           Step           Time
         212000      424.00000

   Energies (kJ/mol)
           Bond            U-B    Proper Dih. Per. Imp. Dih.      CMAP Dih.
    5.95682e+03    2.48003e+04    1.46009e+04    2.59113e+02    9.74700e+00
          LJ-14     Coulomb-14        LJ (SR)  Disper. corr.   Coulomb (SR)
    5.43873e+03   -5.17618e+04    1.49559e+04   -1.47796e+03   -3.34759e+05
   Coul. recip. Position Rest.     Dih. Rest.      Potential    Kinetic En.
    5.92095e+02    1.42786e+01    0.00000e+00   -3.21371e+05    8.03222e+04
   Total Energy  Conserved En.    Temperature Pres. DC (bar) Pressure (bar)
   -2.41048e+05   -2.39404e+05    3.03843e+02   -1.72618e+02    2.85186e+02
   Constr. rmsd
    3.40935e-06

           Step           Time
         213000      426.00000

   Energies (kJ/mol)
           Bond            U-B    Proper Dih. Per. Imp. Dih.      CMAP Dih.
    6.13181e+03    2.47243e+04    1.46971e+04    2.21404e+02    3.39337e+00
          LJ-14     Coulomb-14        LJ (SR)  Disper. corr.   Coulomb (SR)
    5.36988e+03   -5.18080e+04    1.39822e+04   -1.47528e+03   -3.34550e+05
   Coul. recip. Position Rest.     Dih. Rest.      Potential    Kinetic En.
    5.55780e+02    1.37218e+01    0.00000e+00   -3.22133e+05    8.00633e+04
   Total Energy  Conserved En.    Temperature Pres. DC (bar) Pressure (bar)
   -2.42070e+05   -2.39456e+05    3.02864e+02   -1.71993e+02   -3.95050e+02
   Constr. rmsd
    3.41782e-06

           Step           Time
         214000      428.00000

   Energies (kJ/mol)
           Bond            U-B    Proper Dih. Per. Imp. Dih.      CMAP Dih.
    6.05097e+03    2.43087e+04    1.45457e+04    2.60094e+02    1.64849e+01
          LJ-14     Coulomb-14        LJ (SR)  Disper. corr.   Coulomb (SR)
    5.42044e+03   -5.19174e+04    1.46975e+04   -1.47351e+03   -3.34934e+05
   Coul. recip. Position Rest.     Dih. Rest.      Potential    Kinetic En.
    5.86357e+02    2.16953e+01    0.00000e+00   -3.22417e+05    7.95993e+04
   Total Energy  Conserved En.    Temperature Pres. DC (bar) Pressure (bar)
   -2.42818e+05   -2.39535e+05    3.01108e+02   -1.71580e+02   -1.19198e+02
   Constr. rmsd
    3.35314e-06

           Step           Time
         215000      430.00000

   Energies (kJ/mol)
           Bond            U-B    Proper Dih. Per. Imp. Dih.      CMAP Dih.
    5.95153e+03    2.39566e+04    1.44499e+04    2.59113e+02    9.00027e+00
          LJ-14     Coulomb-14        LJ (SR)  Disper. corr.   Coulomb (SR)
    5.38061e+03   -5.16268e+04    1.55538e+04   -1.47569e+03   -3.36648e+05
   Coul. recip. Position Rest.     Dih. Rest.      Potential    Kinetic En.
    5.46944e+02    1.94295e+01    0.00000e+00   -3.23623e+05    7.93134e+04
   Total Energy  Conserved En.    Temperature Pres. DC (bar) Pressure (bar)
   -2.44310e+05   -2.39505e+05    3.00027e+02   -1.72088e+02   -1.01175e+01
   Constr. rmsd
    3.28070e-06

           Step           Time
         216000      432.00000

   Energies (kJ/mol)
           Bond            U-B    Proper Dih. Per. Imp. Dih.      CMAP Dih.
    6.24867e+03    2.39971e+04    1.45516e+04    2.22055e+02    8.33087e+00
          LJ-14     Coulomb-14        LJ (SR)  Disper. corr.   Coulomb (SR)
    5.41236e+03   -5.18591e+04    1.56775e+04   -1.47764e+03   -3.36635e+05
   Coul. recip. Position Rest.     Dih. Rest.      Potential    Kinetic En.
    5.54045e+02    1.89216e+01    0.00000e+00   -3.23281e+05    7.90335e+04
   Total Energy  Conserved En.    Temperature Pres. DC (bar) Pressure (bar)
   -2.44248e+05   -2.39353e+05    2.98968e+02   -1.72544e+02   -3.18725e+01
   Constr. rmsd
    3.28511e-06

           Step           Time
         217000      434.00000

   Energies (kJ/mol)
           Bond            U-B    Proper Dih. Per. Imp. Dih.      CMAP Dih.
    5.98130e+03    2.43083e+04    1.43801e+04    2.32295e+02    1.21793e+01
          LJ-14     Coulomb-14        LJ (SR)  Disper. corr.   Coulomb (SR)
    5.42215e+03   -5.17458e+04    1.60175e+04   -1.47990e+03   -3.37537e+05
   Coul. recip. Position Rest.     Dih. Rest.      Potential    Kinetic En.
    5.37109e+02    6.86142e+00    0.00000e+00   -3.23865e+05    7.91315e+04
   Total Energy  Conserved En.    Temperature Pres. DC (bar) Pressure (bar)
   -2.44733e+05   -2.39285e+05    2.99339e+02   -1.73073e+02    2.25491e+02
   Constr. rmsd
    3.15973e-06

           Step           Time
         218000      436.00000

   Energies (kJ/mol)
           Bond            U-B    Proper Dih. Per. Imp. Dih.      CMAP Dih.
    6.24418e+03    2.42776e+04    1.44956e+04    2.62882e+02    9.81737e+00
          LJ-14     Coulomb-14        LJ (SR)  Disper. corr.   Coulomb (SR)
    5.37716e+03   -5.17335e+04    1.50666e+04   -1.47923e+03   -3.36202e+05
   Coul. recip. Position Rest.     Dih. Rest.      Potential    Kinetic En.
    5.92187e+02    1.65307e+01    0.00000e+00   -3.23073e+05    7.98234e+04
   Total Energy  Conserved En.    Temperature Pres. DC (bar) Pressure (bar)
   -2.43249e+05   -2.39269e+05    3.01956e+02   -1.72916e+02   -1.64102e+02
   Constr. rmsd
    3.42049e-06

           Step           Time
         219000      438.00000

   Energies (kJ/mol)
           Bond            U-B    Proper Dih. Per. Imp. Dih.      CMAP Dih.
    6.24065e+03    2.43627e+04    1.46378e+04    2.92475e+02    9.06526e+00
          LJ-14     Coulomb-14        LJ (SR)  Disper. corr.   Coulomb (SR)
    5.34930e+03   -5.17242e+04    1.43466e+04   -1.47964e+03   -3.35529e+05
   Coul. recip. Position Rest.     Dih. Rest.      Potential    Kinetic En.
    5.78841e+02    1.23140e+01    0.00000e+00   -3.22903e+05    8.05250e+04
   Total Energy  Conserved En.    Temperature Pres. DC (bar) Pressure (bar)
   -2.42378e+05   -2.39252e+05    3.04610e+02   -1.73011e+02   -2.82027e+02
   Constr. rmsd
    3.41662e-06

           Step           Time
         220000      440.00000

   Energies (kJ/mol)
           Bond            U-B    Proper Dih. Per. Imp. Dih.      CMAP Dih.
    6.05344e+03    2.46027e+04    1.46173e+04    2.42546e+02    1.37147e+01
          LJ-14     Coulomb-14        LJ (SR)  Disper. corr.   Coulomb (SR)
    5.50701e+03   -5.15983e+04    1.47677e+04   -1.47757e+03   -3.35080e+05
   Coul. recip. Position Rest.     Dih. Rest.      Potential    Kinetic En.
    5.46824e+02    1.61117e+01    0.00000e+00   -3.21789e+05    8.00854e+04
   Total Energy  Conserved En.    Temperature Pres. DC (bar) Pressure (bar)
   -2.41703e+05   -2.39305e+05    3.02947e+02   -1.72527e+02    2.76749e+02
   Constr. rmsd
    3.51376e-06

           Step           Time
         221000      442.00000

   Energies (kJ/mol)
           Bond            U-B    Proper Dih. Per. Imp. Dih.      CMAP Dih.
    5.97093e+03    2.44714e+04    1.44948e+04    2.72609e+02    1.31376e+01
          LJ-14     Coulomb-14        LJ (SR)  Disper. corr.   Coulomb (SR)
    5.43240e+03   -5.19627e+04    1.36593e+04   -1.47651e+03   -3.33690e+05
   Coul. recip. Position Rest.     Dih. Rest.      Potential    Kinetic En.
    5.88952e+02    9.42732e+00    0.00000e+00   -3.22216e+05    8.06129e+04
   Total Energy  Conserved En.    Temperature Pres. DC (bar) Pressure (bar)
   -2.41603e+05   -2.39371e+05    3.04943e+02   -1.72280e+02    2.05459e+01
   Constr. rmsd
    3.44907e-06

           Step           Time
         222000      444.00000

   Energies (kJ/mol)
           Bond            U-B    Proper Dih. Per. Imp. Dih.      CMAP Dih.
    6.28002e+03    2.41645e+04    1.46720e+04    2.58564e+02    1.03409e+01
          LJ-14     Coulomb-14        LJ (SR)  Disper. corr.   Coulomb (SR)
    5.51503e+03   -5.18504e+04    1.49253e+04   -1.48080e+03   -3.35309e+05
   Coul. recip. Position Rest.     Dih. Rest.      Potential    Kinetic En.
    5.65301e+02    1.04428e+01    0.00000e+00   -3.22238e+05    8.05843e+04
   Total Energy  Conserved En.    Temperature Pres. DC (bar) Pressure (bar)
   -2.41654e+05   -2.39257e+05    3.04835e+02   -1.73282e+02   -9.12753e+01
   Constr. rmsd
    3.50478e-06

           Step           Time
         223000      446.00000

   Energies (kJ/mol)
           Bond            U-B    Proper Dih. Per. Imp. Dih.      CMAP Dih.
    6.21879e+03    2.39107e+04    1.45116e+04    2.48393e+02    1.69317e+01
          LJ-14     Coulomb-14        LJ (SR)  Disper. corr.   Coulomb (SR)
    5.41281e+03   -5.17606e+04    1.44215e+04   -1.48179e+03   -3.35557e+05
   Coul. recip. Position Rest.     Dih. Rest.      Potential    Kinetic En.
    5.95040e+02    1.12919e+01    0.00000e+00   -3.23452e+05    7.98652e+04
   Total Energy  Conserved En.    Temperature Pres. DC (bar) Pressure (bar)
   -2.43587e+05   -2.39133e+05    3.02114e+02   -1.73514e+02    6.44291e+01
   Constr. rmsd
    3.33802e-06

           Step           Time
         224000      448.00000

   Energies (kJ/mol)
           Bond            U-B    Proper Dih. Per. Imp. Dih.      CMAP Dih.
    6.02774e+03    2.45024e+04    1.47510e+04    2.77478e+02    1.82704e+01
          LJ-14     Coulomb-14        LJ (SR)  Disper. corr.   Coulomb (SR)
    5.50759e+03   -5.17876e+04    1.49464e+04   -1.48162e+03   -3.35660e+05
   Coul. recip. Position Rest.     Dih. Rest.      Potential    Kinetic En.
    6.14633e+02    9.68963e+00    0.00000e+00   -3.22274e+05    7.98559e+04
   Total Energy  Conserved En.    Temperature Pres. DC (bar) Pressure (bar)
   -2.42418e+05   -2.39146e+05    3.02079e+02   -1.73475e+02   -6.06155e+01
   Constr. rmsd
    3.32666e-06

           Step           Time
         225000      450.00000

   Energies (kJ/mol)
           Bond            U-B    Proper Dih. Per. Imp. Dih.      CMAP Dih.
    6.06318e+03    2.44792e+04    1.46818e+04    2.64062e+02    6.20188e+00
          LJ-14     Coulomb-14        LJ (SR)  Disper. corr.   Coulomb (SR)
    5.45429e+03   -5.16320e+04    1.51767e+04   -1.48082e+03   -3.35426e+05
   Coul. recip. Position Rest.     Dih. Rest.      Potential    Kinetic En.
    6.14641e+02    9.71782e+00    0.00000e+00   -3.21789e+05    7.94191e+04
   Total Energy  Conserved En.    Temperature Pres. DC (bar) Pressure (bar)
   -2.42370e+05   -2.39113e+05    3.00427e+02   -1.73286e+02    1.14536e+01
   Constr. rmsd
    3.43078e-06

           Step           Time
         226000      452.00000

   Energies (kJ/mol)
           Bond            U-B    Proper Dih. Per. Imp. Dih.      CMAP Dih.
    5.92206e+03    2.46052e+04    1.45360e+04    2.81617e+02    1.02017e+01
          LJ-14     Coulomb-14        LJ (SR)  Disper. corr.   Coulomb (SR)
    5.45079e+03   -5.18364e+04    1.42962e+04   -1.47812e+03   -3.34746e+05
   Coul. recip. Position Rest.     Dih. Rest.      Potential    Kinetic En.
    6.16393e+02    9.44891e+00    0.00000e+00   -3.22332e+05    8.02821e+04
   Total Energy  Conserved En.    Temperature Pres. DC (bar) Pressure (bar)
   -2.42050e+05   -2.39250e+05    3.03691e+02   -1.72656e+02    1.51991e+01
   Constr. rmsd
    3.44092e-06

           Step           Time
         227000      454.00000

   Energies (kJ/mol)
           Bond            U-B    Proper Dih. Per. Imp. Dih.      CMAP Dih.
    6.08444e+03    2.48369e+04    1.47622e+04    2.55466e+02    7.89092e+00
          LJ-14     Coulomb-14        LJ (SR)  Disper. corr.   Coulomb (SR)
    5.46430e+03   -5.18768e+04    1.40161e+04   -1.47991e+03   -3.34212e+05
   Coul. recip. Position Rest.     Dih. Rest.      Potential    Kinetic En.
    5.66890e+02    1.50390e+01    0.00000e+00   -3.21559e+05    8.03581e+04
   Total Energy  Conserved En.    Temperature Pres. DC (bar) Pressure (bar)
   -2.41201e+05   -2.39144e+05    3.03979e+02   -1.73075e+02   -6.34296e+01
   Constr. rmsd
    3.28856e-06

           Step           Time
         228000      456.00000

   Energies (kJ/mol)
           Bond            U-B    Proper Dih. Per. Imp. Dih.      CMAP Dih.
    5.88760e+03    2.46084e+04    1.45610e+04    2.37206e+02    1.28285e+01
          LJ-14     Coulomb-14        LJ (SR)  Disper. corr.   Coulomb (SR)
    5.41252e+03   -5.15242e+04    1.37186e+04   -1.47956e+03   -3.34598e+05
   Coul. recip. Position Rest.     Dih. Rest.      Potential    Kinetic En.
    5.64438e+02    1.58727e+01    0.00000e+00   -3.22584e+05    7.97210e+04
   Total Energy  Conserved En.    Temperature Pres. DC (bar) Pressure (bar)
   -2.42863e+05   -2.39177e+05    3.01569e+02   -1.72993e+02   -9.54830e+01
   Constr. rmsd
    3.45011e-06

           Step           Time
         229000      458.00000

   Energies (kJ/mol)
           Bond            U-B    Proper Dih. Per. Imp. Dih.      CMAP Dih.
    6.22554e+03    2.44847e+04    1.45029e+04    2.29370e+02    1.25764e+01
          LJ-14     Coulomb-14        LJ (SR)  Disper. corr.   Coulomb (SR)
    5.35696e+03   -5.17060e+04    1.41730e+04   -1.47720e+03   -3.34573e+05
   Coul. recip. Position Rest.     Dih. Rest.      Potential    Kinetic En.
    5.49801e+02    1.53428e+01    0.00000e+00   -3.22206e+05    7.99562e+04
   Total Energy  Conserved En.    Temperature Pres. DC (bar) Pressure (bar)
   -2.42250e+05   -2.39245e+05    3.02459e+02   -1.72441e+02   -2.75517e+02
   Constr. rmsd
    3.46340e-06

           Step           Time
         230000      460.00000

   Energies (kJ/mol)
           Bond            U-B    Proper Dih. Per. Imp. Dih.      CMAP Dih.
    6.09351e+03    2.43453e+04    1.44531e+04    2.52156e+02    6.61535e+00
          LJ-14     Coulomb-14        LJ (SR)  Disper. corr.   Coulomb (SR)
    5.36793e+03   -5.17884e+04    1.40681e+04   -1.47865e+03   -3.35229e+05
   Coul. recip. Position Rest.     Dih. Rest.      Potential    Kinetic En.
    6.00608e+02    9.17817e+00    0.00000e+00   -3.23299e+05    8.04517e+04
   Total Energy  Conserved En.    Temperature Pres. DC (bar) Pressure (bar)
   -2.42848e+05   -2.39188e+05    3.04333e+02   -1.72780e+02   -2.55252e+02
   Constr. rmsd
    3.38063e-06

           Step           Time
         231000      462.00000

   Energies (kJ/mol)
           Bond            U-B    Proper Dih. Per. Imp. Dih.      CMAP Dih.
    6.20261e+03    2.46161e+04    1.44210e+04    2.60091e+02    1.01684e+01
          LJ-14     Coulomb-14        LJ (SR)  Disper. corr.   Coulomb (SR)
    5.31016e+03   -5.16508e+04    1.35798e+04   -1.47761e+03   -3.33583e+05
   Coul. recip. Position Rest.     Dih. Rest.      Potential    Kinetic En.
    5.71011e+02    7.82655e+00    0.00000e+00   -3.21733e+05    7.97087e+04
   Total Energy  Conserved En.    Temperature Pres. DC (bar) Pressure (bar)
   -2.42024e+05   -2.39178e+05    3.01522e+02   -1.72538e+02   -2.52728e+02
   Constr. rmsd
    3.52948e-06

           Step           Time
         232000      464.00000

   Energies (kJ/mol)
           Bond            U-B    Proper Dih. Per. Imp. Dih.      CMAP Dih.
    6.01214e+03    2.47902e+04    1.45385e+04    2.48859e+02    1.37660e+01
          LJ-14     Coulomb-14        LJ (SR)  Disper. corr.   Coulomb (SR)
    5.27168e+03   -5.16978e+04    1.48651e+04   -1.47772e+03   -3.35779e+05
   Coul. recip. Position Rest.     Dih. Rest.      Potential    Kinetic En.
    6.38765e+02    9.60623e+00    0.00000e+00   -3.22566e+05    8.00079e+04
   Total Energy  Conserved En.    Temperature Pres. DC (bar) Pressure (bar)
   -2.42558e+05   -2.39152e+05    3.02654e+02   -1.72562e+02   -2.50323e+02
   Constr. rmsd
    3.40658e-06

           Step           Time
         233000      466.00000

   Energies (kJ/mol)
           Bond            U-B    Proper Dih. Per. Imp. Dih.      CMAP Dih.
    6.00410e+03    2.46228e+04    1.46046e+04    2.35707e+02    1.14374e+01
          LJ-14     Coulomb-14        LJ (SR)  Disper. corr.   Coulomb (SR)
    5.42357e+03   -5.15436e+04    1.41853e+04   -1.47728e+03   -3.35584e+05
   Coul. recip. Position Rest.     Dih. Rest.      Potential    Kinetic En.
    6.12214e+02    1.05538e+01    0.00000e+00   -3.22895e+05    8.12476e+04
   Total Energy  Conserved En.    Temperature Pres. DC (bar) Pressure (bar)
   -2.41647e+05   -2.39212e+05    3.07344e+02   -1.72460e+02   -1.10719e+02
   Constr. rmsd
    3.37986e-06

           Step           Time
         234000      468.00000

   Energies (kJ/mol)
           Bond            U-B    Proper Dih. Per. Imp. Dih.      CMAP Dih.
    6.19435e+03    2.47651e+04    1.46428e+04    2.87788e+02    5.88460e+00
          LJ-14     Coulomb-14        LJ (SR)  Disper. corr.   Coulomb (SR)
    5.36248e+03   -5.17921e+04    1.41394e+04   -1.47537e+03   -3.33884e+05
   Coul. recip. Position Rest.     Dih. Rest.      Potential    Kinetic En.
    5.82376e+02    1.06122e+01    0.00000e+00   -3.21160e+05    8.12824e+04
   Total Energy  Conserved En.    Temperature Pres. DC (bar) Pressure (bar)
   -2.39878e+05   -2.39227e+05    3.07475e+02   -1.72014e+02   -1.19452e+02
   Constr. rmsd
    3.49785e-06

           Step           Time
         235000      470.00000

   Energies (kJ/mol)
           Bond            U-B    Proper Dih. Per. Imp. Dih.      CMAP Dih.
    5.91194e+03    2.48011e+04    1.43692e+04    2.38340e+02    1.28092e+01
          LJ-14     Coulomb-14        LJ (SR)  Disper. corr.   Coulomb (SR)
    5.47852e+03   -5.17348e+04    1.35506e+04   -1.47191e+03   -3.32749e+05
   Coul. recip. Position Rest.     Dih. Rest.      Potential    Kinetic En.
    6.00601e+02    1.15049e+01    0.00000e+00   -3.20981e+05    8.12369e+04
   Total Energy  Conserved En.    Temperature Pres. DC (bar) Pressure (bar)
   -2.39745e+05   -2.39343e+05    3.07303e+02   -1.71208e+02   -2.47704e+02
   Constr. rmsd
    3.49913e-06

           Step           Time
         236000      472.00000

   Energies (kJ/mol)
           Bond            U-B    Proper Dih. Per. Imp. Dih.      CMAP Dih.
    6.00115e+03    2.45278e+04    1.45228e+04    2.60122e+02    1.86595e+00
          LJ-14     Coulomb-14        LJ (SR)  Disper. corr.   Coulomb (SR)
    5.37841e+03   -5.17561e+04    1.40326e+04   -1.46930e+03   -3.33971e+05
   Coul. recip. Position Rest.     Dih. Rest.      Potential    Kinetic En.
    5.66642e+02    1.25599e+01    0.00000e+00   -3.21893e+05    7.96034e+04
   Total Energy  Conserved En.    Temperature Pres. DC (bar) Pressure (bar)
   -2.42289e+05   -2.39392e+05    3.01124e+02   -1.70602e+02   -2.22899e+02
   Constr. rmsd
    3.25299e-06

           Step           Time
         237000      474.00000

   Energies (kJ/mol)
           Bond            U-B    Proper Dih. Per. Imp. Dih.      CMAP Dih.
    6.16700e+03    2.48085e+04    1.44568e+04    2.86924e+02    8.20470e+00
          LJ-14     Coulomb-14        LJ (SR)  Disper. corr.   Coulomb (SR)
    5.45477e+03   -5.15393e+04    1.56273e+04   -1.47134e+03   -3.35122e+05
   Coul. recip. Position Rest.     Dih. Rest.      Potential    Kinetic En.
    6.01889e+02    1.29173e+01    0.00000e+00   -3.20708e+05    8.07049e+04
   Total Energy  Conserved En.    Temperature Pres. DC (bar) Pressure (bar)
   -2.40003e+05   -2.39328e+05    3.05291e+02   -1.71075e+02   -2.32603e+02
   Constr. rmsd
    3.38425e-06

           Step           Time
         238000      476.00000

   Energies (kJ/mol)
           Bond            U-B    Proper Dih. Per. Imp. Dih.      CMAP Dih.
    6.03566e+03    2.48057e+04    1.44438e+04    2.61898e+02    1.45031e+01
          LJ-14     Coulomb-14        LJ (SR)  Disper. corr.   Coulomb (SR)
    5.46503e+03   -5.17980e+04    1.41840e+04   -1.47226e+03   -3.34094e+05
   Coul. recip. Position Rest.     Dih. Rest.      Potential    Kinetic En.
    5.65371e+02    1.19263e+01    0.00000e+00   -3.21577e+05    8.02278e+04
   Total Energy  Conserved En.    Temperature Pres. DC (bar) Pressure (bar)
   -2.41349e+05   -2.39286e+05    3.03486e+02   -1.71289e+02    7.87569e+01
   Constr. rmsd
    3.43645e-06

           Step           Time
         239000      478.00000

   Energies (kJ/mol)
           Bond            U-B    Proper Dih. Per. Imp. Dih.      CMAP Dih.
    6.02053e+03    2.47672e+04    1.47412e+04    2.70601e+02    1.05622e+01
          LJ-14     Coulomb-14        LJ (SR)  Disper. corr.   Coulomb (SR)
    5.45827e+03   -5.15488e+04    1.33608e+04   -1.47288e+03   -3.33114e+05
   Coul. recip. Position Rest.     Dih. Rest.      Potential    Kinetic En.
    5.62213e+02    1.51998e+01    0.00000e+00   -3.20929e+05    8.05814e+04
   Total Energy  Conserved En.    Temperature Pres. DC (bar) Pressure (bar)
   -2.40348e+05   -2.39203e+05    3.04824e+02   -1.71433e+02   -3.47372e+02
   Constr. rmsd
    3.32537e-06

           Step           Time
         240000      480.00000

   Energies (kJ/mol)
           Bond            U-B    Proper Dih. Per. Imp. Dih.      CMAP Dih.
    6.24235e+03    2.48316e+04    1.44615e+04    2.72000e+02    9.48583e+00
          LJ-14     Coulomb-14        LJ (SR)  Disper. corr.   Coulomb (SR)
    5.41248e+03   -5.17548e+04    1.37762e+04   -1.47604e+03   -3.33392e+05
   Coul. recip. Position Rest.     Dih. Rest.      Potential    Kinetic En.
    5.66190e+02    2.07442e+01    0.00000e+00   -3.21030e+05    8.09184e+04
   Total Energy  Conserved En.    Temperature Pres. DC (bar) Pressure (bar)
   -2.40111e+05   -2.39118e+05    3.06098e+02   -1.72170e+02   -6.92624e+02
   Constr. rmsd
    3.46061e-06

           Step           Time
         241000      482.00000

   Energies (kJ/mol)
           Bond            U-B    Proper Dih. Per. Imp. Dih.      CMAP Dih.
    6.23984e+03    2.49549e+04    1.48091e+04    2.66032e+02    9.46467e+00
          LJ-14     Coulomb-14        LJ (SR)  Disper. corr.   Coulomb (SR)
    5.41690e+03   -5.17343e+04    1.37858e+04   -1.47403e+03   -3.33080e+05
   Coul. recip. Position Rest.     Dih. Rest.      Potential    Kinetic En.
    5.62538e+02    1.79364e+01    0.00000e+00   -3.20226e+05    8.06157e+04
   Total Energy  Conserved En.    Temperature Pres. DC (bar) Pressure (bar)
   -2.39610e+05   -2.39141e+05    3.04953e+02   -1.71701e+02   -1.84563e+02
   Constr. rmsd
    3.45547e-06

           Step           Time
         242000      484.00000

   Energies (kJ/mol)
           Bond            U-B    Proper Dih. Per. Imp. Dih.      CMAP Dih.
    5.89826e+03    2.43452e+04    1.46228e+04    2.66937e+02    1.31707e+01
          LJ-14     Coulomb-14        LJ (SR)  Disper. corr.   Coulomb (SR)
    5.43680e+03   -5.16844e+04    1.43390e+04   -1.47358e+03   -3.34589e+05
   Coul. recip. Position Rest.     Dih. Rest.      Potential    Kinetic En.
    5.73907e+02    1.52885e+01    0.00000e+00   -3.22235e+05    8.02473e+04
   Total Energy  Conserved En.    Temperature Pres. DC (bar) Pressure (bar)
   -2.41988e+05   -2.39160e+05    3.03560e+02   -1.71598e+02    1.31837e+02
   Constr. rmsd
    3.27150e-06

           Step           Time
         243000      486.00000

   Energies (kJ/mol)
           Bond            U-B    Proper Dih. Per. Imp. Dih.      CMAP Dih.
    6.14899e+03    2.46880e+04    1.47152e+04    2.44146e+02    1.14023e+01
          LJ-14     Coulomb-14        LJ (SR)  Disper. corr.   Coulomb (SR)
    5.44086e+03   -5.16523e+04    1.43627e+04   -1.47503e+03   -3.34949e+05
   Coul. recip. Position Rest.     Dih. Rest.      Potential    Kinetic En.
    5.65921e+02    1.08436e+01    0.00000e+00   -3.21888e+05    8.02863e+04
   Total Energy  Conserved En.    Temperature Pres. DC (bar) Pressure (bar)
   -2.41602e+05   -2.39128e+05    3.03707e+02   -1.71936e+02   -4.61601e+01
   Constr. rmsd
    3.29005e-06

           Step           Time
         244000      488.00000

   Energies (kJ/mol)
           Bond            U-B    Proper Dih. Per. Imp. Dih.      CMAP Dih.
    6.07025e+03    2.47204e+04    1.47511e+04    2.78923e+02    1.21663e+01
          LJ-14     Coulomb-14        LJ (SR)  Disper. corr.   Coulomb (SR)
    5.42374e+03   -5.17260e+04    1.40376e+04   -1.47824e+03   -3.34484e+05
   Coul. recip. Position Rest.     Dih. Rest.      Potential    Kinetic En.
    5.51284e+02    1.38375e+01    0.00000e+00   -3.21828e+05    8.05986e+04
   Total Energy  Conserved En.    Temperature Pres. DC (bar) Pressure (bar)
   -2.41230e+05   -2.38964e+05    3.04889e+02   -1.72685e+02   -1.33545e+01
   Constr. rmsd
    3.38494e-06

           Step           Time
         245000      490.00000

   Energies (kJ/mol)
           Bond            U-B    Proper Dih. Per. Imp. Dih.      CMAP Dih.
    6.37675e+03    2.45467e+04    1.44736e+04    2.53658e+02    8.92542e+00
          LJ-14     Coulomb-14        LJ (SR)  Disper. corr.   Coulomb (SR)
    5.41319e+03   -5.17440e+04    1.50937e+04   -1.47928e+03   -3.35368e+05
   Coul. recip. Position Rest.     Dih. Rest.      Potential    Kinetic En.
    5.55692e+02    1.00708e+01    0.00000e+00   -3.21859e+05    8.02000e+04
   Total Energy  Conserved En.    Temperature Pres. DC (bar) Pressure (bar)
   -2.41659e+05   -2.38901e+05    3.03381e+02   -1.72927e+02    8.00571e+01
   Constr. rmsd
    3.32979e-06

           Step           Time
         246000      492.00000

   Energies (kJ/mol)
           Bond            U-B    Proper Dih. Per. Imp. Dih.      CMAP Dih.
    6.02820e+03    2.47220e+04    1.46663e+04    2.55848e+02    9.88006e+00
          LJ-14     Coulomb-14        LJ (SR)  Disper. corr.   Coulomb (SR)
    5.44179e+03   -5.18562e+04    1.42404e+04   -1.48096e+03   -3.35245e+05
   Coul. recip. Position Rest.     Dih. Rest.      Potential    Kinetic En.
    5.65307e+02    1.47704e+01    0.00000e+00   -3.22638e+05    7.95325e+04
   Total Energy  Conserved En.    Temperature Pres. DC (bar) Pressure (bar)
   -2.43105e+05   -2.38818e+05    3.00856e+02   -1.73321e+02   -1.67770e+02
   Constr. rmsd
    3.44521e-06

           Step           Time
         247000      494.00000

   Energies (kJ/mol)
           Bond            U-B    Proper Dih. Per. Imp. Dih.      CMAP Dih.
    6.04895e+03    2.48074e+04    1.44779e+04    2.51205e+02    1.33727e+01
          LJ-14     Coulomb-14        LJ (SR)  Disper. corr.   Coulomb (SR)
    5.51941e+03   -5.16611e+04    1.44716e+04   -1.48350e+03   -3.35127e+05
   Coul. recip. Position Rest.     Dih. Rest.      Potential    Kinetic En.
    5.55475e+02    1.75875e+01    0.00000e+00   -3.22109e+05    7.96961e+04
   Total Energy  Conserved En.    Temperature Pres. DC (bar) Pressure (bar)
   -2.42412e+05   -2.38705e+05    3.01475e+02   -1.73916e+02    1.30949e+02
   Constr. rmsd
    3.46470e-06

           Step           Time
         248000      496.00000

   Energies (kJ/mol)
           Bond            U-B    Proper Dih. Per. Imp. Dih.      CMAP Dih.
    5.86398e+03    2.48816e+04    1.44705e+04    2.78005e+02    8.34430e+00
          LJ-14     Coulomb-14        LJ (SR)  Disper. corr.   Coulomb (SR)
    5.46642e+03   -5.17294e+04    1.48820e+04   -1.48474e+03   -3.35510e+05
   Coul. recip. Position Rest.     Dih. Rest.      Potential    Kinetic En.
    5.72216e+02    2.01979e+01    0.00000e+00   -3.22281e+05    8.05405e+04
   Total Energy  Conserved En.    Temperature Pres. DC (bar) Pressure (bar)
   -2.41740e+05   -2.38694e+05    3.04669e+02   -1.74205e+02    3.23768e+02
   Constr. rmsd
    3.45362e-06

           Step           Time
         249000      498.00000

   Energies (kJ/mol)
           Bond            U-B    Proper Dih. Per. Imp. Dih.      CMAP Dih.
    6.25619e+03    2.49177e+04    1.45779e+04    2.69681e+02    5.56379e+00
          LJ-14     Coulomb-14        LJ (SR)  Disper. corr.   Coulomb (SR)
    5.41849e+03   -5.16147e+04    1.43705e+04   -1.48056e+03   -3.34360e+05
   Coul. recip. Position Rest.     Dih. Rest.      Potential    Kinetic En.
    5.61231e+02    6.36583e+00    0.00000e+00   -3.21072e+05    8.03015e+04
   Total Energy  Conserved En.    Temperature Pres. DC (bar) Pressure (bar)
   -2.40771e+05   -2.38792e+05    3.03765e+02   -1.73226e+02   -4.45696e+01
   Constr. rmsd
    3.47727e-06

           Step           Time
         250000      500.00000

Writing checkpoint, step 250000 at Fri Jan 10 18:54:15 2025


   Energies (kJ/mol)
           Bond            U-B    Proper Dih. Per. Imp. Dih.      CMAP Dih.
    6.02939e+03    2.46208e+04    1.45514e+04    3.16555e+02    9.09482e+00
          LJ-14     Coulomb-14        LJ (SR)  Disper. corr.   Coulomb (SR)
    5.37063e+03   -5.16019e+04    1.38990e+04   -1.47627e+03   -3.34446e+05
   Coul. recip. Position Rest.     Dih. Rest.      Potential    Kinetic En.
    5.45925e+02    1.02986e+01    0.00000e+00   -3.22171e+05    7.96388e+04
   Total Energy  Conserved En.    Temperature Pres. DC (bar) Pressure (bar)
   -2.42533e+05   -2.38940e+05    3.01258e+02   -1.72224e+02   -2.08364e+02
   Constr. rmsd
    3.35972e-06


Energy conservation over simulation part #1 of length 500 ps, time 0 to 500 ps
  Conserved energy drift: 1.78e-04 kJ/mol/ps per atom


	<======  ###############  ==>
	<====  A V E R A G E S  ====>
	<==  ###############  ======>

	Statistics over 250001 steps using 2501 frames

   Energies (kJ/mol)
           Bond            U-B    Proper Dih. Per. Imp. Dih.      CMAP Dih.
    6.08388e+03    2.45940e+04    1.46486e+04    2.62415e+02    9.80238e+00
          LJ-14     Coulomb-14        LJ (SR)  Disper. corr.   Coulomb (SR)
    5.40872e+03   -5.16166e+04    1.45733e+04   -1.48061e+03   -3.35268e+05
   Coul. recip. Position Rest.     Dih. Rest.      Potential    Kinetic En.
    6.06375e+02    1.01022e+01    0.00000e+00   -3.22168e+05    8.01545e+04
   Total Energy  Conserved En.    Temperature Pres. DC (bar) Pressure (bar)
   -2.42013e+05   -2.40370e+05    3.03209e+02   -1.73240e+02   -8.05755e+00
   Constr. rmsd
    0.00000e+00

          Box-X          Box-Y          Box-Z
    5.25304e+00    5.25304e+00    1.02870e+01

   Total Virial (kJ/mol)
    2.65620e+04    1.47915e+02    6.93344e+01
    1.47959e+02    2.64086e+04   -6.62187e+01
    6.96116e+01   -6.60909e+01    2.73951e+04

   Pressure (bar)
   -2.53648e+01   -1.85002e+01   -1.15948e+00
   -1.85053e+01   -1.70046e-01   -1.57439e+00
   -1.19192e+00   -1.58932e+00    1.36217e+00

         T-SOLU         T-MEMB         T-SOLV
    3.05740e+02    3.03449e+02    3.02997e+02


       P P   -   P M E   L O A D   B A L A N C I N G

 PP/PME load balancing changed the cut-off and PME settings:
           particle-particle                    PME
            rcoulomb  rlist            grid      spacing   1/beta
   initial  1.200 nm  1.204 nm      48  48  96   0.110 nm  0.384 nm
   final    1.654 nm  1.658 nm      32  32  64   0.165 nm  0.529 nm
 cost-ratio           2.61             0.30
 (note that these numbers concern only part of the total PP and PME load)


	M E G A - F L O P S   A C C O U N T I N G

 NB=Group-cutoff nonbonded kernels    NxN=N-by-N cluster Verlet kernels
 RF=Reaction-Field  VdW=Van der Waals  QSTab=quadratic-spline table
 W3=SPC/TIP3p  W4=TIP4p (single or pairs)
 V&F=Potential and force  V=Potential only  F=Force only

 Computing:                               M-Number         M-Flops  % Flops
-----------------------------------------------------------------------------
 Pair Search distance check           12426.191664      111835.725     0.0
 NxN Ewald Elec. + LJ [F]          17583024.140352  1160479593.263    98.0
 NxN Ewald Elec. + LJ [V&F]          177678.149696    19011562.017     1.6
 1,4 nonbonded interactions            7903.531614      711317.845     0.1
 Shift-X                                 73.701969         442.212     0.0
 Bonds                                 1134.754539       66950.518     0.0
 Propers                              10134.790539     2320867.033     0.2
 Impropers                               92.750371       19292.077     0.0
 Dihedral Restr.                         22.000088        4400.018     0.0
 Pos. Restr.                              6.000024         300.001     0.0
 Virial                                 737.879514       13281.831     0.0
 Stop-CM                                 73.701969         737.020     0.0
 P-Coupling                             736.754469        4420.527     0.0
 Calc-Ekin                             1473.508938       39784.741     0.0
 Lincs                                 1818.507274      109110.436     0.0
 Lincs-Mat                            12489.049956       49956.200     0.0
 Constraint-V                          8021.532086       72193.789     0.0
 Constraint-Vir                         620.324812       14887.795     0.0
 Settle                                1461.505846      540757.163     0.0
 CMAP                                     1.000004        1700.007     0.0
 Urey-Bradley                          5682.272729     1039855.909     0.1
-----------------------------------------------------------------------------
 Total                                              1184613246.129   100.0
-----------------------------------------------------------------------------


     R E A L   C Y C L E   A N D   T I M E   A C C O U N T I N G

On 1 MPI rank, each using 32 OpenMP threads

 Computing:          Num   Num      Call    Wall time         Giga-Cycles
                     Ranks Threads  Count      (s)         total sum    %
-----------------------------------------------------------------------------
 Neighbor search        1   32       2501       5.351        615.399   2.8
 Launch GPU ops.        1   32     250001      46.740       5374.862  24.9
 Force                  1   32     250001      31.177       3585.189  16.6
 Wait PME GPU gather    1   32     250001      10.440       1200.504   5.6
 Reduce GPU PME F       1   32     250001       7.713        886.914   4.1
 Wait GPU NB local                              1.922        221.057   1.0
 NB X/F buffer ops.     1   32     497501      26.772       3078.650  14.2
 Write traj.            1   32         51       0.131         15.039   0.1
 Update                 1   32     250001      20.885       2401.664  11.1
 Constraints            1   32     250001      24.401       2806.045  13.0
 Rest                                          12.469       1433.924   6.6
-----------------------------------------------------------------------------
 Total                                        188.000      21619.247 100.0
-----------------------------------------------------------------------------

               Core t (s)   Wall t (s)        (%)
       Time:     6016.000      188.000     3200.0
                 (ns/day)    (hour/ns)
Performance:      229.788        0.104
Finished mdrun on rank 0 Fri Jan 10 18:54:15 2025

